subject,source_file,window_index,t0,t1,clip_id,theta,alpha,beta,lgam,sent,EI
P07,P07-raw.fif,2,2.0,4.0,clip_12,2.8177794300325592e-11,4.279567148667429e-12,4.471858967151983e-12,1.2286229832963656e-12,2.6558010623603954,-0.8583427570314137
P07,P07-raw.fif,3,3.0,5.0,clip_12,5.088356283853718e-12,3.228386774245717e-12,3.854946767928197e-12,1.1348686700238844e-12,3.680511179279579,0.42735509879048195
P07,P07-raw.fif,4,4.0,6.0,clip_12,1.7422719020682707e-11,5.455415256784752e-12,3.970197285162719e-12,1.0941022677619227e-12,2.979132321905468,-0.6137979538895489
P07,P07-raw.fif,5,5.0,7.0,clip_12,1.1257687482113233e-11,2.166884255935982e-12,2.433447380113912e-12,1.0163360293999985e-12,3.0907489791579073,-0.5676055852531837
P07,P07-raw.fif,6,6.0,8.0,clip_12,2.065261505176742e-12,4.1129005418972835e-12,2.3238244951460883e-12,1.2534473799186176e-12,3.6451517358868175,0.20598092400515206
P07,P07-raw.fif,7,7.0,9.0,clip_12,2.4671853284599885e-12,1.842310090491307e-11,3.7160460984418485e-12,1.4358256939040986e-12,2.7725506887044062,-0.587577871470818
P07,P07-raw.fif,51,51.0,53.0,clip_03,4.9629410919078714e-11,4.6289181497814314e-12,3.772983268682687e-12,1.9942887732235554e-12,2.4657352948466618,-1.5829647464747862
P07,P07-raw.fif,52,52.0,54.0,clip_03,3.393436197506227e-12,2.306901039795644e-12,7.525200113375488e-12,8.14916718921577e-12,4.28109161802454,1.5365369233598007
P07,P07-raw.fif,53,53.0,55.0,clip_03,1.6728532933223748e-11,2.593463617734176e-12,6.288755183998809e-12,5.982115717104192e-12,3.551849087222975,0.05266222616986017
P07,P07-raw.fif,54,54.0,56.0,clip_03,4.650904401098169e-11,6.932952784489082e-12,5.7914736070945005e-12,6.177902902072808e-12,2.496788010187184,-1.112774818135382
P07,P07-raw.fif,55,55.0,57.0,clip_03,4.9928660115764054e-11,3.4943392984711717e-12,6.402493470668173e-12,3.8733539202298725e-12,2.6956248236073237,-1.0061043941993428
P07,P07-raw.fif,56,56.0,58.0,clip_03,2.7556316560064846e-12,1.9975868785348057e-12,4.419987057381512e-12,2.6317948338548222e-12,4.072486142294623,1.1651824982593284
P07,P07-raw.fif,57,57.0,59.0,clip_03,1.7864026190791763e-12,1.6658094457932674e-12,3.2778726408519717e-12,1.9088119183420747e-12,4.085477320104374,1.187293773227636
P07,P07-raw.fif,58,58.0,60.0,clip_03,4.1578803025075884e-11,4.492917836812921e-12,4.2576994499e-12,1.938120287755446e-12,2.687870220596497,-1.2815507162973976
P07,P07-raw.fif,107,107.0,109.0,clip_23,3.908567057296096e-11,3.0242588711192604e-12,3.4026673521353847e-12,1.882873942621387e-12,2.405269833733528,-1.4238258352198339
P07,P07-raw.fif,108,108.0,110.0,clip_23,2.046638682227161e-12,2.7664894467967293e-12,6.850075144088378e-12,1.524146448448232e-12,4.020546918542679,1.6162092337924023
P07,P07-raw.fif,109,109.0,111.0,clip_23,2.261243372582272e-11,6.293115012636713e-12,9.832421514276614e-12,1.973165364280187e-12,3.1029111979560517,0.09943180481523162
P07,P07-raw.fif,110,110.0,112.0,clip_23,6.896475185506719e-12,3.177668509242768e-12,5.804823540926253e-12,1.6771817751215937e-12,3.660740983957276,0.6579889812222023
P07,P07-raw.fif,111,111.0,113.0,clip_23,3.1315424257937396e-12,2.128475119114792e-12,4.185962539508982e-12,1.6910958131080126e-12,4.008564592293357,1.0001663214993792
P07,P07-raw.fif,112,112.0,114.0,clip_23,3.0676507014169795e-11,3.733913442951504e-12,4.0199841395415266e-12,1.882538893422892e-12,2.6275075730150816,-1.03315729766052
P07,P07-raw.fif,113,113.0,115.0,clip_23,3.618659701372178e-12,2.1542821168076194e-12,4.225963242244001e-12,1.5727874772268312e-12,3.9137069899174586,0.9116381697340153
P07,P07-raw.fif,161,161.0,163.0,clip_13,8.912128233426936e-12,5.574254759869392e-12,4.406367610021427e-12,2.2764201110900975e-12,3.59887410922157,-0.019058852909757226
P07,P07-raw.fif,162,162.0,164.0,clip_13,7.109032819766907e-12,3.786509330446818e-12,4.337967831487007e-12,2.3681507895326762e-12,3.5560764058641783,0.26623696486208426
P07,P07-raw.fif,163,163.0,165.0,clip_13,2.916059566609166e-12,2.7553298534148678e-12,4.558031566304326e-12,2.2767018006152023e-12,4.091296579969509,1.0106095227402345
P07,P07-raw.fif,164,164.0,166.0,clip_13,6.026223588704702e-12,6.389056378888722e-12,6.130834493425992e-12,2.597823248637804e-12,3.8575149091814978,0.49445462900898873
P07,P07-raw.fif,165,165.0,167.0,clip_13,2.5293863523919453e-12,3.2688026106165173e-12,4.439134507311075e-12,2.1804896132980523e-12,4.055655778557273,0.9591662069978814
P07,P07-raw.fif,166,166.0,168.0,clip_13,3.3925811636333875e-11,3.9434711922529885e-12,4.86673899736989e-12,2.0147782419610955e-12,2.7188493120002097,-0.9320940183887733
P07,P07-raw.fif,167,167.0,169.0,clip_13,1.1135873591421597e-11,2.416758144452299e-12,5.516851119010673e-12,2.5495085374223093e-12,3.3113853047991673,0.2897360844621528
P07,P07-raw.fif,215,215.0,217.0,clip_14,3.792002391880222e-12,3.3812889979957974e-12,4.780210132290287e-12,2.5584055229194744e-12,3.869584078732599,0.8120794835242232
P07,P07-raw.fif,216,216.0,218.0,clip_14,2.6315603694562093e-11,7.226384696822115e-12,6.031426663783673e-12,2.72722495033052e-12,3.180922006320875,-0.5761224177314381
P07,P07-raw.fif,217,217.0,219.0,clip_14,2.7810926034445765e-12,3.311437592975431e-12,4.442962899379099e-12,2.888746961524153e-12,4.076337329035514,0.9076032672107143
P07,P07-raw.fif,218,218.0,220.0,clip_14,4.332698147514615e-12,1.691521759964957e-12,4.803675873285869e-12,2.3588900332431277e-12,3.892537190302655,1.0022764135683748
P07,P07-raw.fif,219,219.0,221.0,clip_14,1.773324015771203e-11,2.484396900856459e-12,4.583530611812723e-12,2.7075594596439573e-12,3.17003482641423,-0.33054811962467406
P07,P07-raw.fif,220,220.0,222.0,clip_14,4.5247142939559884e-12,3.1930167906618496e-12,4.435418155747924e-12,3.0455755650094793e-12,3.985907079737129,0.6552170705440992
P07,P07-raw.fif,221,221.0,223.0,clip_14,2.782990563440839e-12,1.2601708204664464e-11,6.313718787791152e-12,2.7456495028169816e-12,3.758907315176143,0.2983464690564855
P07,P07-raw.fif,222,222.0,224.0,clip_14,1.48702068541891e-11,2.629801964642659e-12,7.243848016417688e-12,3.5521810393625927e-12,3.385763501241926,0.30746004943920335
P07,P07-raw.fif,223,223.0,225.0,clip_14,2.2251727635626822e-12,1.999593066759813e-12,4.814434365733214e-12,3.975697484245801e-12,4.223745283173534,1.380671834582035
P07,P07-raw.fif,224,224.0,226.0,clip_14,2.5839986688577877e-12,1.0421972244205382e-11,7.579150519984776e-12,3.01106177299949e-12,3.719821516796829,0.6699381472922683
P07,P07-raw.fif,280,280.0,282.0,clip_11,2.65814000967824e-12,2.7864095391550904e-12,6.291363387561947e-12,4.527091382658256e-12,4.17694335549641,1.395410875273286
P07,P07-raw.fif,281,281.0,283.0,clip_11,1.701425114817907e-11,1.6642096033801819e-12,6.043520492534591e-12,4.23545293655021e-12,3.25938177780313,0.046406202418146955
P07,P07-raw.fif,282,282.0,284.0,clip_11,4.8517609026479764e-12,2.0262564487925658e-11,8.115595666903714e-12,4.964422804511029e-12,3.4983192677601163,0.04506403939675231
P07,P07-raw.fif,283,283.0,285.0,clip_11,2.007543312268833e-12,1.25486133691618e-11,7.193139901998983e-12,4.167683432649755e-12,3.4837921685927657,0.49520793348217784
P07,P07-raw.fif,284,284.0,286.0,clip_11,3.5878453134246026e-12,1.0091530619490373e-11,6.8068988433240775e-12,4.630996502768564e-12,3.6820344765597306,0.5025558155849493
P07,P07-raw.fif,285,285.0,287.0,clip_11,7.891398390856602e-12,8.376078767941345e-12,8.179339642858599e-12,3.1845785995563086e-12,3.845708731740654,0.5135732113459432
P07,P07-raw.fif,286,286.0,288.0,clip_11,7.989840145602358e-12,1.4587356051277628e-11,8.371055646388825e-12,5.595966905285197e-12,3.82690841361999,0.19076941779826875
P07,P07-raw.fif,287,287.0,289.0,clip_11,3.1367278029947747e-12,1.7189476344805378e-11,9.746981863757703e-12,4.541444674390055e-12,3.6254110455801967,0.4633445068083024
P07,P07-raw.fif,288,288.0,290.0,clip_11,5.565111370333916e-12,8.626570165732768e-12,7.0447050191145414e-12,4.771482310562346e-12,3.8684985357782438,0.4999837474971469
P07,P07-raw.fif,289,289.0,291.0,clip_11,6.794808625687738e-12,7.766683231751532e-12,7.114882590119536e-12,5.906915962802973e-12,4.041986936226115,0.48322693115475557
P07,P07-raw.fif,290,290.0,292.0,clip_11,1.720996875368373e-12,1.0973645684244119e-11,7.238552073108716e-12,5.856804323032638e-12,3.735163481205002,0.64688708245658
P07,P07-raw.fif,291,291.0,293.0,clip_11,1.32789960384532e-11,3.419933244277448e-11,8.479738079946678e-12,4.968745211375391e-12,2.938278209998286,-0.583306818059031
P07,P07-raw.fif,347,347.0,349.0,clip_01,3.1571163886753955e-12,2.4002466445523958e-12,1.0341164467639837e-11,9.869991354989383e-12,4.268339403289314,1.9003241251842538
P07,P07-raw.fif,348,348.0,350.0,clip_01,5.4495557770636485e-12,2.6375751898520358e-12,8.758729067935837e-12,7.823096415715589e-12,4.122128922951398,1.3267539694266972
P07,P07-raw.fif,349,349.0,351.0,clip_01,1.511642778003029e-11,3.4841425231468945e-12,9.871311974755348e-12,1.017672376925625e-11,3.7360833577869554,0.5707964440484652
P07,P07-raw.fif,350,350.0,352.0,clip_01,4.645920161441822e-12,3.5224052871128236e-12,1.088651119483129e-11,8.956048691188269e-12,4.223119389361548,1.546634772806327
P07,P07-raw.fif,351,351.0,353.0,clip_01,1.5164995024724048e-11,2.8721424514208254e-12,9.94704802786623e-12,1.0171914381916021e-11,3.747402677278368,0.611493433697515
P07,P07-raw.fif,352,352.0,354.0,clip_01,3.2718276451609547e-12,2.6656182636259692e-12,1.0678909923870266e-11,8.278678198345722e-12,4.25058909867148,1.864274575878074
P07,P07-raw.fif,353,353.0,355.0,clip_01,6.666760629031036e-12,3.0963117370641937e-12,1.1094865228883248e-11,7.174719986826538e-12,4.103318524192256,1.3777263001622129
P07,P07-raw.fif,354,354.0,356.0,clip_01,5.673546202898513e-12,4.618691994544707e-12,1.3368366276332322e-11,9.262303664318974e-12,4.2003364754235735,1.5193362256508427
P07,P07-raw.fif,355,355.0,357.0,clip_01,3.988348976658458e-12,3.622919175058324e-12,1.1139013487877173e-11,8.734398774959242e-12,4.248306934239612,1.6457883846355386
P07,P07-raw.fif,356,356.0,358.0,clip_01,9.861613439329833e-12,5.3646155343786845e-12,1.3163020384668983e-11,1.1188152770849002e-11,4.173959705636217,1.0879025003646279
P07,P07-raw.fif,357,357.0,359.0,clip_01,1.3672736187843278e-11,6.476856394793872e-12,1.2806674049259748e-11,9.607207622081423e-12,4.012714818818402,0.761913573239294
P07,P07-raw.fif,411,411.0,413.0,clip_02,2.952730582873867e-11,6.84373066556575e-12,1.0209891881743189e-11,6.896081978018254e-12,3.4165024047191443,-0.10411145096203815
P07,P07-raw.fif,412,412.0,414.0,clip_02,7.177379358909385e-12,3.650472875774019e-12,8.221498627661058e-12,7.347030200491877e-12,4.099622537498862,0.9503882795254635
P07,P07-raw.fif,413,413.0,415.0,clip_02,1.206148765596267e-11,5.503920452112907e-12,1.1833655041188453e-11,8.39742082932299e-12,3.821520570759651,0.8236266884571174
P07,P07-raw.fif,414,414.0,416.0,clip_02,8.745609493025925e-12,6.172678417365599e-12,1.0595491323423626e-11,7.659330881928906e-12,4.031022384730531,0.8796075717674615
P07,P07-raw.fif,415,415.0,417.0,clip_02,6.306760567470092e-12,3.2464322350599545e-12,9.253412492478092e-12,8.561112830919016e-12,4.017720456904762,1.2084225812622051
P07,P07-raw.fif,416,416.0,418.0,clip_02,3.92459126035457e-12,6.751590749253365e-12,1.1159393615994583e-11,8.024888320090569e-12,4.197041072252074,1.2891218068542536
P07,P07-raw.fif,459,459.0,461.0,clip_04,5.477918690105361e-11,5.48090096343505e-12,1.083292043904131e-11,6.532200538312165e-12,2.79838149090078,-0.576404145096414
P07,P07-raw.fif,460,460.0,462.0,clip_04,7.83764415364489e-12,3.436039647760673e-12,1.0673695773432025e-11,8.004519029028431e-12,3.9067788298369597,1.1842542114140002
P07,P07-raw.fif,461,461.0,463.0,clip_04,4.384236002628414e-12,1.90835371312614e-12,1.0318880861840349e-11,9.024480464902945e-12,4.116268564444919,1.766365304100992
P07,P07-raw.fif,462,462.0,464.0,clip_04,3.65210957432285e-12,3.2292240376311123e-12,1.0111756707160212e-11,9.301942376617777e-12,4.243352022529392,1.6500935429123014
P07,P07-raw.fif,463,463.0,465.0,clip_04,3.47088485241869e-12,2.53134269575896e-12,1.4335814428034017e-11,1.0766570748511572e-11,4.202670238218182,2.164860304139333
P07,P07-raw.fif,464,464.0,466.0,clip_04,9.859558827742159e-12,4.283740616645337e-11,1.35937289861294e-11,8.859860957949544e-12,3.4755496772372196,-0.19369583076362
P07,P07-raw.fif,465,465.0,467.0,clip_04,6.120329612233679e-12,7.302464583026744e-12,8.250553347485252e-12,1.1577077277936216e-11,4.149983247981246,0.7264581516537861
P07,P07-raw.fif,466,466.0,468.0,clip_04,5.170842623472166e-12,2.357270436190937e-12,1.1069279414279669e-11,1.109474861606362e-11,4.198601154936782,1.6507748823000092
P07,P07-raw.fif,467,467.0,469.0,clip_04,4.629994817368974e-12,5.8608114741623015e-12,1.3793687485301596e-11,9.03697075661165e-12,4.186533842102468,1.532276424974211
P07,P07-raw.fif,468,468.0,470.0,clip_04,3.924962918054477e-12,6.229959983392911e-12,1.487246981991955e-11,8.092463200140436e-12,4.1814741202459,1.646561327611842
P07,P07-raw.fif,523,523.0,525.0,clip_21,1.2953182954264623e-11,9.227434437054821e-12,4.7679132875901745e-11,1.2304443221700713e-10,4.0383290464607615,2.0532101789291666
P07,P07-raw.fif,524,524.0,526.0,clip_21,6.971190858777384e-11,7.905604640349506e-12,4.6235037020523286e-11,8.08626726627693e-11,3.887197429234,0.6932020037358658
P07,P07-raw.fif,525,525.0,527.0,clip_21,2.488422511696152e-12,4.559369075648193e-12,4.876401894531202e-11,6.716570853535038e-11,4.096186068278088,3.2920605852862086
P07,P07-raw.fif,526,526.0,528.0,clip_21,1.8271011545589327e-11,3.4448474648182076e-12,2.3994729184526326e-11,2.965557795023168e-11,3.959663805538836,1.3479644079937314
P07,P07-raw.fif,527,527.0,529.0,clip_21,2.8712523070679898e-12,1.823264252598138e-11,1.9337045115896626e-11,1.41570975760917e-11,4.090919241847189,1.149551501078339
P07,P07-raw.fif,528,528.0,530.0,clip_21,3.0436140165322414e-12,1.1470437266682586e-11,1.7759841663752656e-11,8.671957385780738e-12,3.9525504554548716,1.456091914749446
P07,P07-raw.fif,573,573.0,575.0,clip_22,2.734254523003492e-12,5.57283850225166e-12,1.76267222867105e-11,1.197341247352024e-11,4.2703644705329316,2.0394666220420885
P07,P07-raw.fif,574,574.0,576.0,clip_22,5.036623776179983e-12,2.2199479606849433e-12,1.2283012518940816e-11,1.1435721348005016e-11,4.254026885259164,1.7999668800800164
P07,P07-raw.fif,575,575.0,577.0,clip_22,4.718592355743385e-12,7.21094034636858e-12,1.4576206600554283e-11,1.0314281600678968e-11,4.233216970276828,1.454556190952821
P07,P07-raw.fif,576,576.0,578.0,clip_22,6.37780733546359e-12,7.307836032635715e-12,1.5945816337037215e-11,8.030027982054131e-12,4.169209151443889,1.40419234464676
P07,P07-raw.fif,577,577.0,579.0,clip_22,4.164433279896797e-12,6.19239097290429e-12,1.3804260802110628e-11,1.0269548076952197e-11,4.236457055859111,1.5467100725713396
P07,P07-raw.fif,578,578.0,580.0,clip_22,8.873264996342128e-12,2.811055222615752e-12,1.128040810246318e-11,1.0770085446969142e-11,4.101001960672822,1.2049282234161527
P07,P07-raw.fif,579,579.0,581.0,clip_22,4.251679640988875e-11,1.0742485917044357e-11,1.6008941852633145e-11,9.859218348423444e-12,3.238829532720817,-0.03163409980902665
P07,P07-raw.fif,580,580.0,582.0,clip_22,6.7111702359160906e-12,3.053192045849885e-12,1.4922963189529047e-11,1.3066161852110407e-11,4.147821549916497,1.6917158492048066
P07,P07-raw.fif,581,581.0,583.0,clip_22,5.0321983446825964e-12,5.098895138410553e-12,1.7833568846716318e-11,1.1079154475437103e-11,4.2605783158892345,1.8414704813705565
P07,P07-raw.fif,582,582.0,584.0,clip_22,2.0610647732223186e-12,5.443900368046781e-12,1.4374531560048705e-11,1.0793139514422413e-11,4.1368362183850165,1.9309343655249576
P07,P07-raw.fif,583,583.0,585.0,clip_22,2.669794020747318e-12,3.5514678249292344e-12,1.4417191367797645e-11,1.206677489410942e-11,4.256213558677588,2.1328753044366957
P07,P07-raw.fif,584,584.0,586.0,clip_22,4.306126314384353e-12,4.6880961552514676e-12,1.6518444890261692e-11,1.0318250235830644e-11,4.224181802710138,1.886427046768609
P07,P07-raw.fif,585,585.0,587.0,clip_22,1.4597640803743585e-11,5.7626223102058994e-12,1.546450903159921e-11,1.1985623706084237e-11,3.8934602212496894,0.9507398637205854
P07,P07-raw.fif,586,586.0,588.0,clip_22,4.382687421257274e-12,2.759102823999217e-12,1.6020406157068e-11,1.269171093830286e-11,4.254522057779803,2.098381772099043
P07,P07-raw.fif,647,647.0,649.0,clip_24,3.655711165545382e-12,2.1253803949287328e-12,1.189542391172964e-11,9.220945112804634e-12,4.225803584963286,2.006884562548353
P07,P07-raw.fif,648,648.0,650.0,clip_24,4.236674813089547e-11,6.369367547041909e-12,1.3737114292631624e-11,7.567914068645547e-12,3.1104597428675302,-0.0997700753676203
P07,P07-raw.fif,649,649.0,651.0,clip_24,1.9873020495033e-12,1.8680349706339542e-12,9.868224007259429e-12,8.789598324723804e-12,4.168111879781046,2.238228032258963
P07,P07-raw.fif,650,650.0,652.0,clip_24,7.340648760450634e-12,2.7083848380103694e-12,1.1550889503423152e-11,7.529019808011955e-12,4.130649869877702,1.389818790933546
P07,P07-raw.fif,651,651.0,653.0,clip_24,8.188462412012857e-12,5.753287325518914e-12,1.1873481191837348e-11,8.810857677688763e-12,4.076497277536865,1.0720355585663437
P07,P07-raw.fif,758,758.0,760.0,clip_22,6.2341744557466814e-12,2.1063365800557874e-12,4.3903432085904434e-12,2.9114614204636933e-12,3.7142207657344453,0.5621514185806132
P07,P07-raw.fif,759,759.0,761.0,clip_22,2.3823956086276603e-11,5.621648768993948e-12,5.343628048302366e-12,2.4642471764939824e-12,3.0606813509480184,-0.5663996048131488
P07,P07-raw.fif,760,760.0,762.0,clip_22,2.3230122368911574e-12,5.623260041694714e-12,4.001551859528302e-12,2.3374107309823255e-12,3.8856295606463966,0.5152007286268954
P07,P07-raw.fif,761,761.0,763.0,clip_22,1.4573600186266438e-11,2.785380385056027e-12,3.810541580568348e-12,2.854729101245076e-12,3.000323482615726,-0.364728094494167
P07,P07-raw.fif,762,762.0,764.0,clip_22,5.24387953497989e-12,1.980663699663964e-12,4.370700752736232e-12,2.2904406058021433e-12,3.789368439562373,0.7096223297176945
P07,P07-raw.fif,763,763.0,765.0,clip_22,3.386623070655638e-11,5.3299760003468795e-12,4.184291411932764e-12,3.188755125419512e-12,2.8192208354477692,-1.1287054720002927
P07,P07-raw.fif,764,764.0,766.0,clip_22,2.5431610472235546e-11,8.525152940255377e-12,5.066833278295548e-12,2.969453769954489e-12,3.170858100713431,-0.7738266501785602
P07,P07-raw.fif,765,765.0,767.0,clip_22,8.084344871770723e-12,1.131292025780028e-11,5.909860329966907e-12,3.047111167073004e-12,3.5844775208159865,-0.017311813641313945
P07,P07-raw.fif,766,766.0,768.0,clip_22,1.4414032899373424e-11,8.313257570812305e-12,4.665321730873422e-12,2.807020383155202e-12,3.3922756069029543,-0.4358064996872749
P07,P07-raw.fif,767,767.0,769.0,clip_22,2.0250870041678607e-12,2.576803982497516e-12,3.632183071813267e-12,1.9864548086215588e-12,4.036226709956651,0.9914384908584997
P07,P07-raw.fif,768,768.0,770.0,clip_22,6.602842417171978e-12,1.7589608687559085e-12,3.3309304907324584e-12,2.2933225765933797e-12,3.3779723843596865,0.26679366742578686
P07,P07-raw.fif,769,769.0,771.0,clip_22,1.4395300606884041e-11,6.526862589194089e-12,6.366437873264004e-12,2.258086602516568e-12,3.1926270598756745,-0.0186460827996583
P07,P07-raw.fif,770,770.0,772.0,clip_22,3.6839523957817106e-11,4.521050196982395e-12,4.823920126151859e-12,1.2256770195784052e-12,2.5263239352044713,-1.0349161938898983
P07,P07-raw.fif,771,771.0,773.0,clip_22,1.347440424935497e-11,3.771319685836616e-12,3.278002869809954e-12,2.1059372682595377e-12,3.179370366862912,-0.5173226650193561
P07,P07-raw.fif,831,831.0,833.0,clip_04,4.0639304908514865e-12,5.105116832894521e-12,4.950530159670087e-12,1.8427537789799324e-12,3.8552185659321125,0.5890461254850878
P07,P07-raw.fif,832,832.0,834.0,clip_04,2.4678014540896443e-11,2.990020512007846e-12,5.8451053218192996e-12,2.4580679273408943e-12,2.9003109044801523,-0.4053530558452482
P07,P07-raw.fif,833,833.0,835.0,clip_04,2.4516518931383573e-12,2.3969381660698593e-12,7.235921839181838e-12,3.729273092192985e-12,4.136018254629178,1.6665021774936266
P07,P07-raw.fif,834,834.0,836.0,clip_04,4.3256178112073714e-12,1.4033743186304495e-11,6.9118076960908035e-12,2.925041552290078e-12,3.652262179653277,0.20693272184493555
P07,P07-raw.fif,835,835.0,837.0,clip_04,6.677634538291251e-12,4.5514155444569555e-12,6.867844376715478e-12,3.6779311791601475e-12,3.7497466406368485,0.721180766490335
P07,P07-raw.fif,836,836.0,838.0,clip_04,1.0610704921741934e-11,6.447384281960019e-12,6.236415817886017e-12,3.686846911545643e-12,3.706418473615438,0.17587091006112623
P07,P07-raw.fif,837,837.0,839.0,clip_04,3.996641678797919e-12,4.195483036214925e-11,5.873405452323341e-12,2.9236344780987816e-12,2.9025824719646063,-0.9378538311490201
P07,P07-raw.fif,838,838.0,840.0,clip_04,1.6429241735768758e-12,2.8783333518032112e-11,7.368336084413908e-12,2.6669959519561573e-12,2.963086472754783,-0.26063465835418387
P07,P07-raw.fif,839,839.0,841.0,clip_04,2.239276445951228e-12,3.0045069299063214e-11,6.07030875208814e-12,2.1589504470888385e-12,2.7361072361680407,-0.5288136556679451
P07,P07-raw.fif,840,840.0,842.0,clip_04,4.352288798046328e-12,1.3497045340576355e-10,6.962704571483808e-12,2.6449012374042305e-12,1.8224018363015684,-1.9330366132300065
P07,P07-raw.fif,895,895.0,897.0,clip_11,7.427416218645913e-12,4.715072123161981e-12,7.46447281621025e-12,3.910619797041762e-12,3.8491210477751157,0.7265833326857447
P07,P07-raw.fif,896,896.0,898.0,clip_11,8.195564918295504e-12,6.779589616503317e-12,5.991655514126993e-12,3.1252712370090865e-12,3.6998044801640853,0.27145413328907836
P07,P07-raw.fif,897,897.0,899.0,clip_11,1.4763012236352885e-11,5.382512154082449e-12,8.12934421832635e-12,3.3826510838559416e-12,3.5202948718714766,0.2804861840502355
P07,P07-raw.fif,898,898.0,900.0,clip_11,4.421374926416656e-12,2.632204797080647e-12,6.668491222310699e-12,3.960114875020613e-12,4.0875863884326105,1.1827145519577849
P07,P07-raw.fif,899,899.0,901.0,clip_11,5.567854262978293e-12,5.8342761665141955e-12,6.629036763111418e-12,3.3276518052917887e-12,3.856559563647938,0.6674654552227197
P07,P07-raw.fif,900,900.0,902.0,clip_11,6.669833733905102e-12,8.014685653068601e-12,7.3637967981076e-12,4.476406490398652e-12,3.951565673360096,0.5107524369067774
P07,P07-raw.fif,901,901.0,903.0,clip_11,7.869701073814699e-12,4.75058817030407e-12,9.48436232446045e-12,3.4657201806675152e-12,3.8406807591961756,0.9394811422454505
P07,P07-raw.fif,902,902.0,904.0,clip_11,5.1817238795182294e-12,7.840073912712767e-12,9.741595689237867e-12,3.8910915065494325e-12,3.893795368478642,0.9346504146445782
P07,P07-raw.fif,903,903.0,905.0,clip_11,3.059247448970444e-12,2.986447012425929e-11,7.364074148622517e-12,3.5381296420099367e-12,3.1537257796644407,-0.3448485835584793
P07,P07-raw.fif,904,904.0,906.0,clip_11,7.735347567585805e-12,2.607846400918462e-11,6.29466441103803e-12,3.667402048824509e-12,3.462867775324878,-0.5394047870916531
P07,P07-raw.fif,905,905.0,907.0,clip_11,3.8770183471338416e-11,8.74790795213903e-12,6.193364384072122e-12,4.402628861923745e-12,3.0224961939159796,-0.9171683524274324
P07,P07-raw.fif,906,906.0,908.0,clip_11,9.871978336431075e-12,3.3340520946421124e-12,5.783933169146315e-12,3.162736087681764e-12,3.626203942475906,0.3672926202904377
P07,P07-raw.fif,961,961.0,963.0,clip_02,1.3257206119498798e-11,6.4829407456800835e-12,6.119154267674079e-12,4.960510584091209e-12,3.5946038164742706,0.0009999177157990248
P07,P07-raw.fif,962,962.0,964.0,clip_02,5.224443336150405e-12,9.428846341116056e-12,9.803917330305686e-12,6.756983765749745e-12,4.064223409861341,0.8163155819054313
P07,P07-raw.fif,963,963.0,965.0,clip_02,1.520983021881526e-11,7.52485082453039e-12,9.835049408031213e-12,6.875746500160026e-12,3.8151794906599035,0.3542053147329274
P07,P07-raw.fif,964,964.0,966.0,clip_02,2.4144650031224533e-11,5.654441546952813e-12,8.613191354211815e-12,6.366127079585975e-12,3.5476959626550917,-0.07313210786514433
P07,P07-raw.fif,965,965.0,967.0,clip_02,1.2667056043868204e-11,5.9936023942393345e-12,8.17135052945549e-12,5.508178005866083e-12,3.6370863827404336,0.3670874142458086
P07,P07-raw.fif,966,966.0,968.0,clip_02,7.1733433122090934e-12,1.461535947503812e-11,8.649981907508733e-12,6.4924727314187794e-12,3.71410064241741,0.26317783590466903
P07,P07-raw.fif,1010,1010.0,1012.0,clip_21,5.839011924456705e-12,4.279425699582754e-12,9.53780713775904e-12,5.621422416073521e-12,4.102584881701319,1.179584001595328
P07,P07-raw.fif,1011,1011.0,1013.0,clip_21,5.065727266079309e-12,5.74390683867583e-12,9.538801600680997e-12,5.302934844197365e-12,4.099851574688732,1.109667836112662
P07,P07-raw.fif,1012,1012.0,1014.0,clip_21,5.862636184523364e-12,3.4862441399793796e-11,9.449802976639334e-12,5.2679677095452875e-12,3.318569211955329,-0.30592421026459615
P07,P07-raw.fif,1013,1013.0,1015.0,clip_21,6.211373901250035e-12,6.75671733149413e-11,7.887547391720585e-12,4.172709591273234e-12,2.8474205296853428,-1.1271584119015032
P07,P07-raw.fif,1014,1014.0,1016.0,clip_21,1.9640466645372628e-11,4.008923346212245e-11,7.367696572021688e-12,4.6179542862268064e-12,3.271167623965374,-0.9755522858002542
P07,P07-raw.fif,1015,1015.0,1017.0,clip_21,1.353088000826037e-11,8.335631289951742e-12,9.00509951235723e-12,5.24318018825513e-12,3.700905178596326,0.3020378988598224
P07,P07-raw.fif,1060,1060.0,1062.0,clip_13,5.325856160765646e-12,2.958609921003208e-11,1.0659388143524522e-11,4.1505764601263804e-12,3.4174145032671914,-0.015063477841244201
P07,P07-raw.fif,1061,1061.0,1063.0,clip_13,8.531029718288902e-12,1.0335377904070951e-10,7.792957179350015e-12,3.5451859733860937e-12,2.609180052631489,-1.581225637998397
P07,P07-raw.fif,1062,1062.0,1064.0,clip_13,4.782753654415121e-12,3.7117971884474394e-11,5.753012157111151e-12,3.211540866543349e-12,2.6936646510721456,-0.862005777630674
P07,P07-raw.fif,1063,1063.0,1065.0,clip_13,1.1088289799369088e-11,1.8792765681412687e-11,6.513278030077317e-12,3.2439607822193835e-12,3.4127112339972414,-0.37219207556679307
P07,P07-raw.fif,1064,1064.0,1066.0,clip_13,2.312058079749942e-11,6.071809086848627e-12,4.712406355359709e-12,2.1352629156803103e-12,3.125983537998293,-0.6904639647289518
P07,P07-raw.fif,1065,1065.0,1067.0,clip_13,1.9629681696840055e-11,3.3990330356460653e-12,3.902840083976016e-12,1.6436648099436696e-12,2.934130475369517,-0.638883867728711
P07,P07-raw.fif,1066,1066.0,1068.0,clip_13,4.746295474464524e-12,3.6137402261950656e-12,6.088449890751816e-12,1.9254463338069164e-12,3.9674384255088446,0.9061967760706305
P07,P07-raw.fif,1113,1113.0,1115.0,clip_03,6.869652085459679e-12,1.0883671228170498e-10,6.836799264637877e-12,2.9759440530935778e-12,2.0872631332263127,-1.755540088949712
P07,P07-raw.fif,1114,1114.0,1116.0,clip_03,4.9849168616736784e-12,6.396734234485076e-11,4.8913864667837065e-12,1.9058569295154283e-12,2.3348649763289298,-1.5618207044347325
P07,P07-raw.fif,1115,1115.0,1117.0,clip_03,2.207540294379406e-12,3.1491545045646915e-11,4.7841415386641504e-12,1.7848575207904259e-12,2.7323527990892815,-0.8265937515052011
P07,P07-raw.fif,1116,1116.0,1118.0,clip_03,3.5678093088797814e-12,2.9613580950591967e-11,4.630017246554991e-12,1.4241186845274968e-12,2.7070010146574788,-0.8448897891270576
P07,P07-raw.fif,1117,1117.0,1119.0,clip_03,6.225002463632224e-12,8.90874730415755e-12,4.2838887212847485e-12,1.4004264900184466e-12,3.4274478466756357,-0.09526301390395607
P07,P07-raw.fif,1118,1118.0,1120.0,clip_03,1.8425356179572105e-11,3.0045496817351416e-12,3.7358619632440725e-12,1.3875681763049562e-12,2.899615667655146,-0.6089686903168068
P07,P07-raw.fif,1119,1119.0,1121.0,clip_03,3.389641911061183e-11,7.470950709240472e-12,3.3799141800349925e-12,1.5768404132542346e-12,2.725025193947238,-1.4120818593974624
P07,P07-raw.fif,1120,1120.0,1122.0,clip_03,8.882769402594885e-12,4.138975806157902e-12,4.133528167428856e-12,1.489526773165292e-12,3.4850694472788293,0.026159667511276803
P07,P07-raw.fif,1169,1169.0,1171.0,clip_23,7.451920796668147e-12,2.2609364839196676e-11,1.0447314639004716e-11,6.405836367566845e-12,3.7912599481684817,0.1221688852152742
P07,P07-raw.fif,1170,1170.0,1172.0,clip_23,3.629460333336834e-12,5.726201229305852e-12,9.527439098324126e-12,4.265325805863684e-12,4.068335546903629,1.2614919691446387
P07,P07-raw.fif,1171,1171.0,1173.0,clip_23,1.1993990764741451e-11,4.35315553942074e-12,1.2573711065267363e-11,5.17921299931255e-12,3.7339039489229258,0.9640845678922229
P07,P07-raw.fif,1172,1172.0,1174.0,clip_23,3.765193469724253e-12,3.090061059242063e-12,1.0927270742161492e-11,6.61606568461479e-12,4.221738124779682,1.7363145468934937
P07,P07-raw.fif,1173,1173.0,1175.0,clip_23,3.1037999096501694e-12,4.338815043195167e-12,1.07346923317352e-11,9.964567439378778e-12,4.289695760738672,1.6303527532854918
P07,P07-raw.fif,1174,1174.0,1176.0,clip_23,2.563972822886954e-12,5.779892001806983e-12,7.827707262943629e-12,6.59054493273978e-12,4.170517859324325,1.174538327000883
P07,P07-raw.fif,1175,1175.0,1177.0,clip_23,7.528665263135785e-12,1.2498452480292493e-10,1.0774376035690486e-11,4.459772417260645e-12,2.2634043850666474,-1.4172421804749016
P07,P07-raw.fif,1224,1224.0,1226.0,clip_12,2.7732376854811933e-12,2.4748519078567093e-12,9.245709299317872e-12,5.511922350856032e-12,4.074637484034627,1.8423417509254325
P07,P07-raw.fif,1225,1225.0,1227.0,clip_12,5.092933851133114e-12,1.491999718006744e-11,8.018177293244844e-12,5.617519036428451e-12,3.729393604133984,0.27289244563635406
P07,P07-raw.fif,1226,1226.0,1228.0,clip_12,4.612928571020817e-12,1.4422183256294481e-10,1.007987313325546e-11,6.2072282422476696e-12,2.0658221883299945,-1.6109479783263478
P07,P07-raw.fif,1227,1227.0,1229.0,clip_12,5.672579821864549e-12,7.497998137673988e-11,9.498280016810344e-12,6.772890961543954e-12,2.5802440507642785,-1.0246351635151671
P07,P07-raw.fif,1228,1228.0,1230.0,clip_12,1.2167141931335128e-11,2.996117052399314e-11,6.72963681675189e-12,5.536096919496165e-12,3.049869346887609,-0.701580170368078
P07,P07-raw.fif,1229,1229.0,1231.0,clip_12,2.1183306519819258e-11,1.040457896767832e-11,8.081838220059833e-12,4.590824250160704e-12,3.339655829421312,-0.20239112180873314
P07,P07-raw.fif,1272,1272.0,1274.0,clip_24,3.468027412152921e-11,5.765009358462153e-12,5.130494161405056e-12,3.2173675173014064e-12,2.84400223183671,-0.9459045126759238
P07,P07-raw.fif,1273,1273.0,1275.0,clip_24,8.013225400615732e-12,4.117460855267368e-12,5.278927292867468e-12,3.996161646894583e-12,3.814686191981829,0.36048294973501693
P07,P07-raw.fif,1274,1274.0,1276.0,clip_24,7.191740317449166e-12,3.6117865966993506e-12,7.563001451255788e-12,5.1120982691083215e-12,4.035596038718353,0.864299234816045
P07,P07-raw.fif,1275,1275.0,1277.0,clip_24,2.6917234344352895e-12,5.3731343915244456e-12,9.37954855364467e-12,4.868940351884887e-12,4.172652604703649,1.4022491971818323
P07,P07-raw.fif,1276,1276.0,1278.0,clip_24,3.053895237331432e-12,8.821276390609439e-12,1.0718355059558072e-11,5.0041074875014875e-12,4.0850533334040255,1.1335946620627055
P07,P07-raw.fif,1323,1323.0,1325.0,clip_01,6.097821885669121e-12,4.566901395974312e-12,9.797483684506486e-12,5.672606526005743e-12,4.008166769726789,1.1523270913992716
P07,P07-raw.fif,1324,1324.0,1326.0,clip_01,5.066939605081314e-12,9.994470618705358e-11,9.219436462467668e-12,5.083841787486503e-12,2.405866591938549,-1.3359020625230789
P07,P07-raw.fif,1325,1325.0,1327.0,clip_01,4.134720587450996e-12,1.6967546447209632e-10,1.0812843013316738e-11,5.15184991141951e-12,1.841378217136516,-1.7009558580474142
P07,P07-raw.fif,1326,1326.0,1328.0,clip_01,7.983008287184372e-12,9.218205912675003e-11,8.752324497191851e-12,3.2494271008840818e-12,2.3385309407008115,-1.3409282786907593
P07,P07-raw.fif,1327,1327.0,1329.0,clip_01,2.6786041458949174e-12,6.661515028678457e-12,6.87888190342999e-12,3.644545493614419e-12,4.067436197535595,0.9180726378998898
P07,P07-raw.fif,1328,1328.0,1330.0,clip_01,3.2318563979523413e-12,6.0206241213160354e-12,7.324339271756418e-12,3.2275496147517747e-12,3.9758289182703423,0.9945591423696168
P07,P07-raw.fif,1329,1329.0,1331.0,clip_01,3.026443045785585e-12,3.754420793740346e-12,6.345422178565315e-12,3.917565998762258e-12,4.176975817719159,1.171874114268771
P07,P07-raw.fif,1330,1330.0,1332.0,clip_01,3.682686207630301e-12,7.610183607146404e-12,7.311228539793612e-12,3.369322334248772e-12,3.9181966667308945,0.7814737983798998
P07,P07-raw.fif,1331,1331.0,1333.0,clip_01,8.10748539035648e-12,3.3952910605251777e-12,5.797574891848159e-12,3.732659908121546e-12,3.708878479125588,0.5161247699919929
P07,P07-raw.fif,1332,1332.0,1334.0,clip_01,2.4643887591984265e-11,3.5742462483333356e-12,5.437486158520412e-12,3.4649240464281566e-12,2.6961173130238665,-0.5028232774097587
P07,P07-raw.fif,1333,1333.0,1335.0,clip_01,1.5061279247981713e-11,2.6958000702919702e-12,5.648677703232479e-12,3.0303111050030182e-12,3.240521101224489,0.0284132877703512
P07,P07-raw.fif,1387,1387.0,1389.0,clip_14,9.997104398595042e-12,3.896092913112093e-12,7.643309591511915e-12,4.92821230880439e-12,3.778406634261111,0.6089377241877888
P07,P07-raw.fif,1388,1388.0,1390.0,clip_14,1.7154643911318476e-11,3.541015417294656e-12,7.309074100055359e-12,5.3263125016024096e-12,3.496124396737899,0.13921579784752577
P07,P07-raw.fif,1389,1389.0,1391.0,clip_14,3.038436654667867e-12,2.217473807884872e-12,5.540409747459302e-12,3.862006379298538e-12,4.138963996934839,1.2980754941110233
P07,P07-raw.fif,1390,1390.0,1392.0,clip_14,1.625287630773705e-11,2.974285079045627e-12,6.234624474705586e-12,4.604073271231049e-12,3.4532368821197847,0.04871511741007013
P07,P07-raw.fif,1391,1391.0,1393.0,clip_14,2.649115535544347e-12,4.5878736123360805e-12,1.2292244245503978e-11,5.003823080192482e-12,3.9664492144699253,1.8036267779884252
P07,P07-raw.fif,1392,1392.0,1394.0,clip_14,3.603231950239646e-11,3.952251140643606e-12,7.291525176220452e-12,5.410877108309913e-12,3.0606540749184137,-0.5612503690828049
P07,P07-raw.fif,1393,1393.0,1395.0,clip_14,1.467665024529768e-11,4.3199510998391055e-12,7.008113049509132e-12,5.09593311045647e-12,3.631836192566659,0.185437584584156
P07,P07-raw.fif,1394,1394.0,1396.0,clip_14,4.580803908397167e-12,3.971614434533143e-12,6.817026322288029e-12,4.565322653152232e-12,4.087829164102438,1.0018692863820267
P07,P07-raw.fif,1395,1395.0,1397.0,clip_14,3.4895896657433203e-12,3.0104127755347075e-12,9.359864574299555e-12,5.267396525246271e-12,4.18503917940191,1.6286251055945258
P07,P07-raw.fif,1396,1396.0,1398.0,clip_14,1.5550183556116146e-11,6.460069056845763e-12,9.561716608497975e-12,4.979911918093702e-12,3.6243517544077513,0.3586541229889861
P07,P07-raw.fif,1498,1498.0,1500.0,clip_14,8.259801889672202e-12,4.795977441991592e-12,7.13236469671923e-12,1.928490651708681e-12,3.7108675157117146,0.6014988717684011
P07,P07-raw.fif,1499,1499.0,1501.0,clip_14,2.8559304102373768e-11,5.992156999339386e-12,3.8790689031027716e-12,2.1228267611771624e-12,2.897991293333644,-1.0753069208141286
P07,P07-raw.fif,1500,1500.0,1502.0,clip_14,6.792997594731287e-12,1.4214188037525607e-12,2.6174915417318387e-12,1.4597120429981809e-12,3.5246666997764993,0.03020268767523723
P07,P07-raw.fif,1501,1501.0,1503.0,clip_14,9.102605915123477e-12,1.3527890235376109e-12,3.033848879905573e-12,1.6924864248614252e-12,3.328671426783332,-0.06900230106505534
P07,P07-raw.fif,1502,1502.0,1504.0,clip_14,4.539110164190943e-12,2.3193307183139884e-12,3.140503231491805e-12,1.7064517647154161e-12,3.745147760636111,0.41444357346378513
P07,P07-raw.fif,1503,1503.0,1505.0,clip_14,2.7192787545045557e-11,2.7655594393961624e-12,4.673163781533884e-12,1.937556462473367e-12,2.7559075792534697,-0.7267734072450234
P07,P07-raw.fif,1504,1504.0,1506.0,clip_14,2.4193090036180496e-12,1.1451755401259239e-12,3.8044953190981426e-12,1.3408050313301553e-12,4.030292003018287,1.3112679695882365
P07,P07-raw.fif,1505,1505.0,1507.0,clip_14,1.5094533624020934e-11,3.223286374512088e-12,2.5566923754251315e-12,1.7039065616954047e-12,3.037197235415097,-0.8446051223196722
P07,P07-raw.fif,1506,1506.0,1508.0,clip_14,8.985760310894744e-12,4.382523106636117e-12,6.676261778639224e-12,1.5622634588774017e-12,3.5869029932429557,0.5063983424256437
P07,P07-raw.fif,1507,1507.0,1509.0,clip_14,3.2503427520650637e-12,2.79619771880463e-12,3.524812993644347e-12,1.5087592883701731e-12,3.8957201528146035,0.6703074976174854
P07,P07-raw.fif,1563,1563.0,1565.0,clip_22,9.384806618242622e-12,2.9245848121760215e-12,6.009908006415258e-12,4.7804475855022996e-12,3.7578181839177502,0.48242015500511054
P07,P07-raw.fif,1564,1564.0,1566.0,clip_22,6.860369733681077e-12,2.1931893801219067e-12,5.384394965929053e-12,4.109675027544491e-12,3.9227840972125305,0.691508732359957
P07,P07-raw.fif,1565,1565.0,1567.0,clip_22,3.301182588305858e-12,3.2415804882506675e-12,5.6647425638229415e-12,4.1657048306173244e-12,4.154745888756732,1.0895027260924195
P07,P07-raw.fif,1566,1566.0,1568.0,clip_22,8.196763795102166e-12,9.750606629063262e-12,9.458048838488178e-12,6.193693752948443e-12,3.8864966628312096,0.5633590921416239
P07,P07-raw.fif,1567,1567.0,1569.0,clip_22,1.3767807026104368e-11,1.4391334819584053e-11,7.196658866504249e-12,4.839782435840356e-12,3.502842102561049,-0.20355775445086666
P07,P07-raw.fif,1568,1568.0,1570.0,clip_22,1.5550845626549196e-11,6.8083964947864086e-12,6.526299634923754e-12,4.954408049710753e-12,3.5677063372251503,-0.06276419943844204
P07,P07-raw.fif,1569,1569.0,1571.0,clip_22,8.766550023899159e-12,4.172394854946173e-12,4.587503773983842e-12,3.6041643890000444e-12,3.7120460760266756,0.14335058969851808
P07,P07-raw.fif,1570,1570.0,1572.0,clip_22,4.695012121768208e-12,2.8782606078157354e-12,4.591105077081267e-12,3.583440852665647e-12,4.036207297574118,0.7118012906955465
P07,P07-raw.fif,1571,1571.0,1573.0,clip_22,3.564917722333609e-12,7.045386166245723e-12,5.402855008331705e-12,3.920835620261086e-12,3.871466198016684,0.526987892271953
P07,P07-raw.fif,1572,1572.0,1574.0,clip_22,1.532155042681418e-11,3.269651794930306e-12,4.406517338758022e-12,3.210189766671371e-12,3.273545737891708,-0.2834084017905266
P07,P07-raw.fif,1573,1573.0,1575.0,clip_22,8.733852698199119e-12,3.775365646436298e-11,1.094090630601938e-11,3.3531979540830834e-12,3.186114842782636,-0.29090210864498567
P07,P07-raw.fif,1574,1574.0,1576.0,clip_22,1.5062225475392627e-11,7.588827690090035e-12,4.236892859631625e-12,3.316934267164061e-12,3.3124971033579818,-0.534327712917521
P07,P07-raw.fif,1575,1575.0,1577.0,clip_22,9.480072992135273e-12,3.006391679919219e-11,7.273961333135841e-12,4.307030953118424e-12,3.3391439587543887,-0.552064230139466
P07,P07-raw.fif,1576,1576.0,1578.0,clip_22,5.087470465226113e-12,4.2383680545564504e-12,3.7846573048155715e-12,3.0564746623139357e-12,3.8819631308122045,0.2864932134590661
P07,P07-raw.fif,1637,1637.0,1639.0,clip_23,6.407554264501139e-12,2.6511220578928682e-12,5.972931680761129e-12,4.738209354578108e-12,3.972776334783837,0.8008408016760462
P07,P07-raw.fif,1638,1638.0,1640.0,clip_23,1.4383412206464467e-11,3.6099968262026757e-12,8.823092955964042e-12,8.083147683662683e-12,3.7467918742681454,0.4869982907635382
P07,P07-raw.fif,1639,1639.0,1641.0,clip_23,2.2844071852540947e-12,2.2345381628361633e-12,6.755175645775584e-12,8.2250360740548e-12,4.305426575091103,1.6682619167835884
P07,P07-raw.fif,1640,1640.0,1642.0,clip_23,1.464486870615786e-11,6.156451568983715e-12,7.527294372343867e-12,5.545680400831593e-12,3.4028112022308163,0.16499587693788312
P07,P07-raw.fif,1641,1641.0,1643.0,clip_23,1.745397245043725e-11,2.5039577810670064e-12,7.781318957607328e-12,5.3181603127333245e-12,3.43493317409083,0.24403205852753726
P07,P07-raw.fif,1642,1642.0,1644.0,clip_23,1.5794311482129954e-11,3.3928148157102745e-12,3.212481984633506e-11,4.1637497643748905e-11,4.105245817705529,1.7883940791175423
P07,P07-raw.fif,1643,1643.0,1645.0,clip_23,5.9099584825980505e-12,4.335614220934552e-12,4.951699721365801e-11,6.63263456870577e-11,4.133035860853022,2.9118139891366006
P07,P07-raw.fif,1691,1691.0,1693.0,clip_12,3.55336370736071e-11,8.89248718530464e-12,8.454839773982943e-12,4.793349798002976e-12,3.131935402734184,-0.5160072828570941
P07,P07-raw.fif,1692,1692.0,1694.0,clip_12,7.272120722398583e-12,4.079229303211017e-12,7.103500436164433e-12,4.543896553392743e-12,3.930950687984437,0.7454542096230062
P07,P07-raw.fif,1693,1693.0,1695.0,clip_12,2.0711348650488715e-11,4.886308197548784e-12,1.046241986086973e-11,3.681908913281103e-12,3.2682431805121714,0.29404127602225
P07,P07-raw.fif,1694,1694.0,1696.0,clip_12,1.078940973719762e-11,4.191965687889566e-12,5.662908846510475e-12,4.912527040172317e-12,3.813504469426312,0.21121227582015734
P07,P07-raw.fif,1695,1695.0,1697.0,clip_12,2.0011572499011245e-11,4.480060160293307e-12,4.4005468799769435e-12,5.890871165945367e-12,3.4179804265184295,-0.5769577642625332
P07,P07-raw.fif,1696,1696.0,1698.0,clip_12,2.0187053724661297e-11,3.323416767629131e-12,6.471915653259775e-12,5.725476512745175e-12,3.42418493715924,-0.12483803978260219
P07,P07-raw.fif,1740,1740.0,1742.0,clip_21,4.5704525322997533e-11,1.9547029476277385e-11,5.587276694193555e-12,3.753059754785427e-12,2.9567352555439252,-1.362396363285815
P07,P07-raw.fif,1741,1741.0,1743.0,clip_21,1.5843865216094933e-11,2.581897524597861e-11,7.5424723267302e-12,4.696213350477248e-12,3.2915084658672447,-0.5689639503886375
P07,P07-raw.fif,1742,1742.0,1744.0,clip_21,3.2674371402342088e-12,1.4458409390147641e-11,6.761033228683693e-12,4.9064385650703355e-12,3.6943475622896047,0.2207733257889813
P07,P07-raw.fif,1743,1743.0,1745.0,clip_21,2.5026421323504992e-11,9.618063540507015e-12,5.10806236146283e-12,4.8352825607589826e-12,3.2772867493334625,-0.7864868070879296
P07,P07-raw.fif,1744,1744.0,1746.0,clip_21,4.2143832119868515e-12,6.504465425636385e-12,7.484401911558936e-12,4.484867102263181e-12,4.029858243031978,0.8615670755365091
P07,P07-raw.fif,1745,1745.0,1747.0,clip_21,1.5735765259593513e-11,2.9683031214566547e-12,6.076546874200221e-12,4.598034370579224e-12,3.340697896788181,0.05072981914433652
P07,P07-raw.fif,1790,1790.0,1792.0,clip_04,5.026147170829674e-12,4.912195987665504e-11,7.420512232076481e-12,5.064346102503783e-12,2.8575108891672154,-0.8640143783768441
P07,P07-raw.fif,1791,1791.0,1793.0,clip_04,1.3799606705261055e-11,2.2725570044579102e-12,5.8828749046139015e-12,4.862138408744118e-12,3.4962826349288685,0.17711681525133807
P07,P07-raw.fif,1792,1792.0,1794.0,clip_04,1.0777336050201822e-11,3.966306129632571e-12,8.699027989756894e-12,4.8718872013700685e-12,3.842005545591293,0.683086213109493
P07,P07-raw.fif,1793,1793.0,1795.0,clip_04,1.6563215799643477e-12,6.188040954348079e-12,5.705977411179056e-12,4.273442770764057e-12,4.036892484367973,0.9049127313845371
P07,P07-raw.fif,1794,1794.0,1796.0,clip_04,5.259406544975633e-12,3.7046972041182234e-11,1.2841942800402274e-11,5.816038395475981e-12,3.2630776410833127,-0.0212449544322221
P07,P07-raw.fif,1795,1795.0,1797.0,clip_04,1.5386600915715657e-11,6.104642520937073e-11,9.469705897186517e-12,4.879103109470296e-12,2.9128599451521504,-0.9708817185826719
P07,P07-raw.fif,1796,1796.0,1798.0,clip_04,6.84808633797104e-12,9.281825988913681e-11,1.040643194935668e-11,4.00013859538742e-12,2.6050090397069785,-1.1521909947589424
P07,P07-raw.fif,1797,1797.0,1799.0,clip_04,1.8649254309298564e-11,1.8860820430803452e-10,1.4446619650992613e-11,3.9889004682714326e-12,2.1978712103223157,-1.580432818579826
P07,P07-raw.fif,1798,1798.0,1800.0,clip_04,3.244306194092177e-12,8.565158498450225e-11,1.1482328250338306e-11,4.403229968859658e-12,2.088414570636925,-0.9267322615904099
P07,P07-raw.fif,1799,1799.0,1801.0,clip_04,3.2213290312535608e-12,7.926819440176265e-11,9.911174412026502e-12,4.207463195863095e-12,2.4750884925063006,-1.0034069222438702
P07,P07-raw.fif,1854,1854.0,1856.0,clip_11,8.055807677463856e-12,3.442457747350408e-12,6.147183531227573e-12,2.6758163443888503e-12,3.776974324149656,0.578593331278778
P07,P07-raw.fif,1855,1855.0,1857.0,clip_11,1.3828713563381318e-11,3.404674150520283e-12,4.193251240555316e-12,2.919263692952563e-12,3.4149832206993738,-0.25560953902251254
P07,P07-raw.fif,1856,1856.0,1858.0,clip_11,6.5533047077175174e-12,7.0396645210801414e-12,5.15776502576854e-12,3.3802599309277842e-12,3.8094676844316915,0.21526132440053242
P07,P07-raw.fif,1857,1857.0,1859.0,clip_11,2.5538043418913762e-12,4.585837640610881e-12,4.471292869945651e-12,3.0005070871421984e-12,4.117955170281969,0.7462638230185483
P07,P07-raw.fif,1858,1858.0,1860.0,clip_11,5.0847266949391555e-12,3.657721971513088e-11,5.7504840560665235e-12,3.08331412156924e-12,3.0803219815055067,-0.8564151231148307
P07,P07-raw.fif,1859,1859.0,1861.0,clip_11,3.79113420878224e-12,1.6940302840932582e-10,7.912809622105276e-12,2.2456621350990646e-12,1.6995985612823292,-2.0281016629392408
P07,P07-raw.fif,1860,1860.0,1862.0,clip_11,1.3320423511197474e-11,1.1960607559743495e-10,1.0156807902758346e-11,2.291607622448438e-12,2.0538910340385335,-1.4830957004361418
P07,P07-raw.fif,1861,1861.0,1863.0,clip_11,5.043437433181342e-12,5.9120813501988e-11,6.033516854206449e-12,2.5856141455376105e-12,2.086888089303086,-1.2631596138914294
P07,P07-raw.fif,1862,1862.0,1864.0,clip_11,3.5473898645980372e-12,2.8377052677666632e-11,8.304178118443707e-12,3.0421192270314077e-12,3.170658145708366,-0.1848616376089558
P07,P07-raw.fif,1863,1863.0,1865.0,clip_11,5.416888496635644e-12,6.175906952707692e-11,5.629847700602513e-12,2.153145050743082e-12,2.2156887272676338,-1.385154631334045
P07,P07-raw.fif,1864,1864.0,1866.0,clip_11,5.429852498818962e-12,1.8524789640372136e-11,4.8656855277870484e-12,2.354230673286303e-12,3.1520093240685148,-0.4469814369991817
P07,P07-raw.fif,1865,1865.0,1867.0,clip_11,6.990036121492445e-12,3.260531950351257e-12,3.729949072339745e-12,2.1455184357707574e-12,3.7180103506530666,0.17086927159029797
P07,P07-raw.fif,1921,1921.0,1923.0,clip_01,2.797852982818692e-12,2.9481161262512253e-12,5.870456865536939e-12,4.6041280418629716e-12,4.131202220451777,1.264925122225029
P07,P07-raw.fif,1922,1922.0,1924.0,clip_01,4.731020887437639e-12,3.980833104367167e-11,7.652864172806274e-12,4.0503847860471165e-12,3.1004529887400034,-0.6243184022503424
P07,P07-raw.fif,1923,1923.0,1925.0,clip_01,6.6033325893100596e-12,3.809337732405326e-11,7.121618598015044e-12,2.651312965436417e-12,2.711213453322819,-0.7042995104057392
P07,P07-raw.fif,1924,1924.0,1926.0,clip_01,2.4761729612484912e-11,8.409302388059664e-11,9.960738143507466e-12,3.327998140000926e-12,2.743662053529197,-1.2920347355970523
P07,P07-raw.fif,1925,1925.0,1927.0,clip_01,3.7163765046908785e-11,6.692392976088333e-11,6.633863277426143e-12,2.053866511309272e-12,2.7486791201412073,-1.6753281703446397
P07,P07-raw.fif,1926,1926.0,1928.0,clip_01,1.3897518089776933e-11,2.963592274090583e-11,4.65809948659121e-12,2.971494760558234e-12,2.942564302638472,-1.1262460771151164
P07,P07-raw.fif,1927,1927.0,1929.0,clip_01,3.613033087756647e-12,4.322809819234409e-12,3.752604179725202e-12,2.167491555077149e-12,3.9195466480970427,0.4485225214805864
P07,P07-raw.fif,1928,1928.0,1930.0,clip_01,1.2229066617993274e-11,2.824050222531881e-12,5.1756865356144064e-12,3.7002251038140844e-12,3.479896560241199,0.11080848484124112
P07,P07-raw.fif,1929,1929.0,1931.0,clip_01,3.0598806538324276e-12,2.8151323000080004e-12,5.627218851472038e-12,3.5408956177826737e-12,4.169337559976358,1.1965428878263986
P07,P07-raw.fif,1930,1930.0,1932.0,clip_01,2.043583085485394e-11,5.5707480347299934e-12,9.291402658045627e-12,3.3711303003617483e-12,3.393654264826967,0.15145311119726565
P07,P07-raw.fif,1931,1931.0,1933.0,clip_01,1.617289987878182e-11,5.11139306276997e-12,7.322176302731334e-12,2.9119805512347167e-12,3.404058500749011,0.11139271117147174
P07,P07-raw.fif,1985,1985.0,1987.0,clip_13,5.15071979795663e-12,1.9595271847638826e-12,7.556671188462113e-12,9.454644837179526e-12,4.065483093796687,1.306742737467728
P07,P07-raw.fif,1986,1986.0,1988.0,clip_13,3.9046032509803815e-12,2.3495928104067753e-12,7.911411602182248e-12,1.1566342364150582e-11,4.1940925530127595,1.4913084696086132
P07,P07-raw.fif,1987,1987.0,1989.0,clip_13,3.596338414398284e-12,1.0066420010797767e-11,9.185231587455756e-12,8.905271882877758e-12,4.084646727997258,0.8214087280611548
P07,P07-raw.fif,1988,1988.0,1990.0,clip_13,6.228272403974959e-12,1.0860505753397229e-10,1.1278539470580947e-11,7.274994952019506e-12,2.558141115724864,-1.2170222290180122
P07,P07-raw.fif,1989,1989.0,1991.0,clip_13,4.508143461631786e-12,1.1982824855073668e-10,9.948369603642155e-12,5.585407200987882e-12,2.050276714677317,-1.4342729755535182
P07,P07-raw.fif,1990,1990.0,1992.0,clip_13,5.400738926518014e-12,6.479678629345282e-11,7.947868831787213e-12,5.347884499750362e-12,2.4533032918584214,-1.0663568603118734
P07,P07-raw.fif,1991,1991.0,1993.0,clip_13,1.9830881829564685e-12,4.8614950014298665e-11,8.117093422745836e-12,6.431127958824388e-12,2.8590648335162134,-0.6970675731832134
P07,P07-raw.fif,2038,2038.0,2040.0,clip_03,5.272544744502658e-12,1.208676393489495e-11,6.813440788575931e-12,4.097726213738705e-12,3.7570587168927183,0.2510996065780492
P07,P07-raw.fif,2039,2039.0,2041.0,clip_03,4.193842854840778e-12,5.3528529825003246e-11,7.593301980562735e-12,4.429062264484399e-12,2.619972414820185,-0.9073616951831357
P07,P07-raw.fif,2040,2040.0,2042.0,clip_03,8.143701643295801e-12,1.7328355238516166e-10,1.213770718444823e-11,3.6292767315821247e-12,2.0777214654847214,-1.6239212558955112
P07,P07-raw.fif,2041,2041.0,2043.0,clip_03,4.516261874655127e-12,1.255380160851489e-10,7.721807775480591e-12,2.315015895509628e-12,2.0394887367781886,-1.7504187659614259
P07,P07-raw.fif,2042,2042.0,2044.0,clip_03,8.584833393107417e-12,7.573655252683449e-11,6.635018924539034e-12,1.867365505223587e-12,2.2429916931050484,-1.4519622547411928
P07,P07-raw.fif,2043,2043.0,2045.0,clip_03,1.398260091507429e-11,1.9222911466460198e-11,3.395198775784789e-12,1.256914838716064e-12,2.978160872474863,-1.1743923069997835
P07,P07-raw.fif,2044,2044.0,2046.0,clip_03,1.327889786119518e-11,4.40201695103453e-12,3.152081293690305e-12,1.5766885060575559e-12,3.2258654419681525,-0.5852451353101814
P07,P07-raw.fif,2045,2045.0,2047.0,clip_03,9.096006080627727e-12,3.6547998164599434e-12,3.2893508321140012e-12,1.315748516896614e-12,3.381788120432952,-0.19364810620281733
P07,P07-raw.fif,2094,2094.0,2096.0,clip_02,8.033174515157313e-12,2.4882895894813426e-12,3.462965778129802e-12,2.7357560136423172e-12,3.6942971995898293,0.06451979135052227
P07,P07-raw.fif,2095,2095.0,2097.0,clip_02,3.8202276070202075e-12,3.108102595037086e-12,3.534342075866806e-12,2.513092791563482e-12,3.825619519111104,0.528902231302872
P07,P07-raw.fif,2096,2096.0,2098.0,clip_02,7.419513775173065e-12,3.3543182700756003e-12,5.034268451349313e-12,2.9556450433469813e-12,3.7181612354856037,0.43589827564809996
P07,P07-raw.fif,2097,2097.0,2099.0,clip_02,4.102116218389743e-12,2.423677625147912e-11,9.648456878746686e-12,2.6699312109375847e-12,3.5615531080688014,0.10039741837494418
P07,P07-raw.fif,2098,2098.0,2100.0,clip_02,2.0453123756306126e-12,3.3545335822810234e-12,4.1780363852702755e-12,2.624007522809438e-12,4.105070373298833,0.9703541270503826
P07,P07-raw.fif,2099,2099.0,2101.0,clip_02,1.3246922962988856e-11,8.08134838355175e-12,4.4244951554227994e-12,2.820711012724556e-12,3.328219578954714,-0.4246448780064776
P07,P07-raw.fif,2142,2142.0,2144.0,clip_24,8.424588595338853e-12,2.8826567619328867e-11,1.2815357191880197e-11,5.616684628652528e-12,3.57721733463812,0.1114171234656436
P07,P07-raw.fif,2143,2143.0,2145.0,clip_24,4.2445566696845575e-12,5.257223714872268e-12,8.95161876369109e-12,4.723677293554513e-12,4.096277821656343,1.1790020521216262
P07,P07-raw.fif,2144,2144.0,2146.0,clip_24,5.936084629654174e-12,1.43478784404761e-11,9.307496056826995e-12,3.8926737474427295e-12,3.8050849673755955,0.4166548601756405
P07,P07-raw.fif,2145,2145.0,2147.0,clip_24,7.670338645857629e-12,1.0746482620366089e-10,1.2627638135036774e-11,3.8151682916970934e-12,2.4043317017154466,-1.100067094866359
P07,P07-raw.fif,2146,2146.0,2148.0,clip_24,3.5745459284824942e-12,1.0912918625063932e-10,8.741534798159414e-12,3.499735489998915e-12,1.9937767952893684,-1.4672255628770632
P07,P07-raw.fif,2220,2220.0,2222.0,clip_04,7.57943617700918e-12,5.315330996777966e-12,4.841556390223181e-12,1.4833388603202686e-12,3.5623709152770364,0.20409579951081333
P07,P07-raw.fif,2221,2221.0,2223.0,clip_04,1.1466402668476043e-11,3.4886129471448247e-12,3.5247711193772818e-12,1.4725419135568674e-12,3.188860465257597,-0.28937205685850614
P07,P07-raw.fif,2222,2222.0,2224.0,clip_04,7.058380442251353e-12,9.78997475967172e-12,5.9921691413345975e-12,2.077464891653902e-12,3.5318840488705994,0.14664232541113773
P07,P07-raw.fif,2223,2223.0,2225.0,clip_04,3.3261680788645663e-12,3.542704897673445e-12,4.791577999703706e-12,1.6964008283242777e-12,3.8592997361412342,0.8605522465350848
P07,P07-raw.fif,2224,2224.0,2226.0,clip_04,5.524035423427087e-12,2.2078831158069763e-12,4.118553450618129e-12,1.6064904930487512e-12,3.802743126079281,0.574722224908026
P07,P07-raw.fif,2225,2225.0,2227.0,clip_04,2.7001443657904986e-11,2.881952572527427e-12,3.0724122874058674e-12,1.6925578752298375e-12,2.7327887040943075,-1.1685492874218955
P07,P07-raw.fif,2226,2226.0,2228.0,clip_04,3.202561079084534e-12,1.7884733367869203e-12,3.640177648530989e-12,1.839809880123213e-12,4.010927762962392,0.9077423997921881
P07,P07-raw.fif,2227,2227.0,2229.0,clip_04,1.240970221098851e-11,2.3411149798024575e-12,3.5053956298435887e-12,2.0164747584150914e-12,2.7472497805731737,-0.2806438154263055
P07,P07-raw.fif,2228,2228.0,2230.0,clip_04,2.957096001777137e-12,3.9351735881357175e-12,4.0491359626277485e-12,2.82315232566543e-12,3.9997482130210424,0.6785332535684722
P07,P07-raw.fif,2229,2229.0,2231.0,clip_04,1.8037185566807398e-11,6.676576332592275e-12,5.399483614493128e-12,2.8899096642085294e-12,3.2844924863296323,-0.3697282772045595
P07,P07-raw.fif,2284,2284.0,2286.0,clip_21,2.8808018938068437e-11,1.1769550744287047e-11,5.067224812517906e-12,2.152677668689269e-12,3.0703162491147387,-0.9625151238351904
P07,P07-raw.fif,2285,2285.0,2287.0,clip_21,1.6605189372483662e-11,1.2021116656669823e-11,6.314630410931143e-12,2.159785126952953e-12,3.4182470296002365,-0.35955461011139456
P07,P07-raw.fif,2286,2286.0,2288.0,clip_21,6.675823942687555e-11,2.970257657956227e-12,3.855503606750336e-12,2.348329701818388e-12,2.2826180755872443,-1.82587722253544
P07,P07-raw.fif,2287,2287.0,2289.0,clip_21,5.674185420759053e-12,7.015598362602461e-12,4.706279198373975e-12,1.918424858045754e-12,3.658643840653449,0.19104575095044865
P07,P07-raw.fif,2288,2288.0,2290.0,clip_21,3.6687278527652106e-11,1.455423704494534e-11,5.974901660521381e-12,2.5433275912489102e-12,3.0291252612980566,-1.0351718107170065
P07,P07-raw.fif,2289,2289.0,2291.0,clip_21,4.3472862696571795e-12,3.5027331462999466e-12,4.345365786282267e-12,2.048464699602434e-12,3.9246063969418494,0.6154684836427797
P07,P07-raw.fif,2334,2334.0,2336.0,clip_02,1.0968670180208914e-11,3.412728119197217e-12,7.117790720155162e-12,1.4210069019289434e-12,3.2278913041464143,0.49684849064623315
P07,P07-raw.fif,2335,2335.0,2337.0,clip_02,2.4747694310620206e-11,4.6102195036415655e-12,5.44905503777534e-12,1.370966601332141e-12,2.6921207973589665,-0.542534173382438
P07,P07-raw.fif,2336,2336.0,2338.0,clip_02,2.428703594206083e-12,6.528891308035339e-11,5.123400346166784e-12,1.8012750572210637e-12,2.5632096163102793,-1.493561663700577
P07,P07-raw.fif,2337,2337.0,2339.0,clip_02,9.722488606526074e-12,3.0608926046247464e-12,5.553178400592439e-12,2.333443315927179e-12,3.708499518416832,0.35861762980416023
P07,P07-raw.fif,2338,2338.0,2340.0,clip_02,2.339558679338513e-12,2.370808077153324e-11,5.041156486258077e-12,1.8622874818491915e-12,2.9909270510027333,-0.49820665622079907
P07,P07-raw.fif,2339,2339.0,2341.0,clip_02,9.849573113531419e-12,1.5181605039176872e-10,4.478598085917338e-12,1.3391959967306701e-12,1.919737936435869,-2.5582832779032643
P07,P07-raw.fif,2382,2382.0,2384.0,clip_12,9.553023967726871e-12,4.25557131882176e-12,3.2249612791066665e-12,1.4741350651031531e-12,3.1096559216441393,-0.2990571775710539
P07,P07-raw.fif,2383,2383.0,2385.0,clip_12,4.896432630209295e-12,3.9571166740668535e-12,3.410459161199266e-12,1.3809275671397211e-12,3.664544059120528,0.23124005662245856
P07,P07-raw.fif,2384,2384.0,2386.0,clip_12,1.0575344682456249e-11,8.952750583884639e-11,8.441444938208889e-12,1.600619393823226e-12,2.667378207625034,-1.378596523735706
P07,P07-raw.fif,2385,2385.0,2387.0,clip_12,5.3565116424895546e-12,1.046016622748673e-10,4.410702428640549e-12,1.4413151363772235e-12,2.2920188171131755,-2.166012892290672
P07,P07-raw.fif,2386,2386.0,2388.0,clip_12,5.46715289362891e-12,7.635945640767836e-11,5.1015264195486e-12,1.4020332879036653e-12,2.192634170293829,-1.6986598871597458
P07,P07-raw.fif,2387,2387.0,2389.0,clip_12,1.9979981659200277e-11,3.155241957468957e-11,2.8028308725331424e-12,1.5422311256400613e-12,2.7467402478215317,-1.8433348693768643
P07,P07-raw.fif,2431,2431.0,2433.0,clip_11,8.081516852512522e-12,5.459346844943548e-12,6.264672046252313e-12,1.44790753527867e-12,3.5337241166196662,0.42537093721042546
P07,P07-raw.fif,2432,2432.0,2434.0,clip_11,4.624846774306625e-12,1.177882247060936e-10,6.688791034405887e-12,2.0683386518719377e-12,2.4976542511995268,-1.838446441712659
P07,P07-raw.fif,2433,2433.0,2435.0,clip_11,1.2815690444789721e-11,5.469341061352873e-11,5.825082560946449e-12,1.167274312391584e-12,2.886455604102264,-1.3542695345421858
P07,P07-raw.fif,2434,2434.0,2436.0,clip_11,5.645167759045651e-12,7.267307902162963e-12,3.4927347122161115e-12,1.6287684357264396e-12,3.6347643877706806,-0.14342096175495844
P07,P07-raw.fif,2435,2435.0,2437.0,clip_11,3.1568575710829364e-12,5.130825072896863e-11,5.097436758856642e-12,1.9691659710635616e-12,2.334658622626092,-1.2681471277313203
P07,P07-raw.fif,2436,2436.0,2438.0,clip_11,3.777097989355325e-12,1.1996384232389027e-11,3.823185829108303e-12,1.8399366427499704e-12,3.482342800188215,-0.2597148643371731
P07,P07-raw.fif,2437,2437.0,2439.0,clip_11,7.341718486449115e-12,1.3543788900651794e-10,6.670319242639085e-12,1.4562797031166652e-12,2.11053812926949,-2.004473641852616
P07,P07-raw.fif,2438,2438.0,2440.0,clip_11,2.680931721346264e-12,5.7488636336861564e-11,4.045196843200751e-12,1.47045487838515e-12,1.9812712161170463,-1.6187270350630343
P07,P07-raw.fif,2439,2439.0,2441.0,clip_11,3.6004680464091257e-12,8.75970951304725e-11,5.378773285710137e-12,1.561806789573482e-12,1.9173699340975305,-1.7574814233473013
P07,P07-raw.fif,2440,2440.0,2442.0,clip_11,4.0473732379942115e-12,2.3598703479549293e-11,4.841655383973016e-12,1.2304532503786356e-12,2.8230397810461048,-0.6041132359312666
P07,P07-raw.fif,2441,2441.0,2443.0,clip_11,4.210625020970665e-12,1.59585490277517e-11,2.8155182787160418e-12,1.4756828855554439e-12,3.0827939582317683,-0.8444451739003034
P07,P07-raw.fif,2442,2442.0,2444.0,clip_11,2.578354709649645e-12,4.428525441886761e-12,3.123042088518497e-12,1.7014203516231513e-12,3.784408427049838,0.3858431652744617
P07,P07-raw.fif,2498,2498.0,2500.0,clip_23,6.96364592731442e-12,6.609208813533644e-12,7.782613852700261e-12,2.9390109327719816e-12,3.7462085188588463,0.6527997323018843
P07,P07-raw.fif,2499,2499.0,2501.0,clip_23,2.608796266288086e-12,1.711444021649173e-12,4.733260192359932e-12,2.6166808025951715e-12,4.1359978710955145,1.338969082187461
P07,P07-raw.fif,2500,2500.0,2502.0,clip_23,3.6985460356185134e-12,2.4483567193733297e-12,6.621723931201252e-12,3.0675417013259663e-12,4.068892378708351,1.3210637823773206
P07,P07-raw.fif,2501,2501.0,2503.0,clip_23,8.64294006717247e-12,5.840238278878532e-11,1.031179096340473e-11,2.8080045181574937e-12,2.871962037450723,-0.7417256053532024
P07,P07-raw.fif,2502,2502.0,2504.0,clip_23,6.467104257735292e-12,1.0913527230288663e-10,8.36192211373579e-12,3.695378008323527e-12,2.4638616338690125,-1.5411869855147624
P07,P07-raw.fif,2503,2503.0,2505.0,clip_23,7.814230299915525e-12,2.4862379353372985e-11,5.143583690391312e-12,2.2348839509192244e-12,3.2256968037803277,-0.7171697446543474
P07,P07-raw.fif,2504,2504.0,2506.0,clip_23,6.847445419262962e-12,2.751791792834661e-11,6.69670941440099e-12,1.3499891715873803e-12,3.3112732626703067,-0.49093812623384353
P07,P07-raw.fif,2552,2552.0,2554.0,clip_22,5.39908076618232e-12,6.250575661620538e-12,5.855899409436915e-12,2.2575592018629455e-12,3.776648201215421,0.5132863795705837
P07,P07-raw.fif,2553,2553.0,2555.0,clip_22,3.984959083438083e-11,3.229824969550305e-12,4.874859716012431e-12,2.4886030452513018e-12,2.620129555988584,-1.0669341351195722
P07,P07-raw.fif,2554,2554.0,2556.0,clip_22,7.48991281380296e-12,6.1496720693200835e-12,5.673738400970465e-12,3.1513303111305874e-12,3.679414894322194,0.31267490354746613
P07,P07-raw.fif,2555,2555.0,2557.0,clip_22,1.3636326061431684e-11,1.949993767656053e-11,9.76745582001618e-12,2.7973044578195495e-12,3.434241539758961,-0.052349616879668076
P07,P07-raw.fif,2556,2556.0,2558.0,clip_22,1.4390107476872425e-11,4.984495386455124e-12,7.90482569832108e-12,3.0793672522457203e-12,3.5085687820933176,0.2921563902045322
P07,P07-raw.fif,2557,2557.0,2559.0,clip_22,1.4537433277939005e-11,7.426728572563045e-12,5.047629672007627e-12,2.5793104460758036e-12,3.425551476867206,-0.316143572915424
P07,P07-raw.fif,2558,2558.0,2560.0,clip_22,6.070914092055485e-12,1.2848258657330737e-10,8.1834637307967e-12,2.299845090210752e-12,2.292458157286411,-1.7249243929812592
P07,P07-raw.fif,2559,2559.0,2561.0,clip_22,1.6795983385977554e-11,9.564054953856385e-11,6.9797399188187005e-12,1.6281433481947636e-12,2.2830595854192985,-1.7032322393221562
P07,P07-raw.fif,2560,2560.0,2562.0,clip_22,1.2998891425764044e-11,4.7280424063176413e-11,4.5850121930508316e-12,2.005766775441138e-12,2.578615340203958,-1.4879113342668397
P07,P07-raw.fif,2561,2561.0,2563.0,clip_22,6.022081177567006e-12,2.0413567666294738e-11,7.481489330588879e-12,1.841160532727379e-12,3.3850269122343835,-0.09549128055295378
P07,P07-raw.fif,2562,2562.0,2564.0,clip_22,1.5734435459362793e-11,1.870765022634342e-11,4.1011484623736684e-12,1.835684238516054e-12,3.270808935996412,-1.0129486316495409
P07,P07-raw.fif,2563,2563.0,2565.0,clip_22,1.576385694072129e-11,6.669378930250318e-12,3.71326037661234e-12,1.83653334782805e-12,3.20033151401058,-0.6638896207964397
P07,P07-raw.fif,2564,2564.0,2566.0,clip_22,2.0493663605387964e-11,8.094035088214816e-12,4.6035844596796306e-12,2.1581865480550566e-12,3.1274779459951807,-0.6930411745357234
P07,P07-raw.fif,2565,2565.0,2567.0,clip_22,1.1677163307518307e-11,3.831678012655179e-12,5.574946300732955e-12,3.7840567941073855e-12,3.61955070408558,0.15795194803002302
P07,P07-raw.fif,2626,2626.0,2628.0,clip_24,1.3845724763754831e-11,1.1836445477792118e-11,4.558235627704938e-12,2.9372548053040147e-12,3.360561473275192,-0.5899488591397308
P07,P07-raw.fif,2627,2627.0,2629.0,clip_24,1.4065149107258879e-11,1.0477597284679056e-11,4.2081593530861395e-12,3.0224628612240833e-12,3.2274835009037974,-0.6265416205547738
P07,P07-raw.fif,2628,2628.0,2630.0,clip_24,4.141042976849535e-12,7.343590449946686e-12,4.395420133566273e-12,2.9499406326663558e-12,3.847341691897603,0.2243778608913143
P07,P07-raw.fif,2629,2629.0,2631.0,clip_24,2.492745642205633e-12,2.369891146029351e-12,3.7841988770904414e-12,2.503452596848407e-12,4.096513520124183,0.9764820445203777
P07,P07-raw.fif,2676,2676.0,2678.0,clip_01,6.0059014137918e-12,6.161886170015228e-12,7.50079257932178e-12,5.229788970936535e-12,4.063074033772843,0.7295215103542956
P07,P07-raw.fif,2677,2677.0,2679.0,clip_01,2.587329592824104e-11,4.305350927295802e-12,5.5657026110461754e-12,5.7332527347159564e-12,3.2870472857705604,-0.5493075017477861
P07,P07-raw.fif,2678,2678.0,2680.0,clip_01,1.4963655733734616e-11,1.7240509628574127e-11,8.082256874814737e-12,5.67893428456366e-12,3.6717513503966788,-0.22281283465994842
P07,P07-raw.fif,2679,2679.0,2681.0,clip_01,3.7357250216330507e-11,4.284647349447356e-12,6.402530800570235e-12,5.513369221837186e-12,3.001820128364654,-0.742078085000301
P07,P07-raw.fif,2680,2680.0,2682.0,clip_01,7.732722621723107e-12,8.297711738863656e-12,7.966852964921809e-12,5.681795161659837e-12,3.9329793164477618,0.5012344675821534
P07,P07-raw.fif,2681,2681.0,2683.0,clip_01,2.5199521471396333e-11,6.322894577415596e-12,8.967226529379068e-12,5.8648041430275135e-12,3.420259946688208,-0.09002395537022137
P07,P07-raw.fif,2682,2682.0,2684.0,clip_01,5.717727169579403e-12,1.52620572224951e-11,7.482859498465319e-12,5.1765742507012e-12,3.677811970594042,0.14966816686859363
P07,P07-raw.fif,2683,2683.0,2685.0,clip_01,7.284886490976542e-12,1.5666773885871802e-10,7.736364603795173e-12,4.818107098271463e-12,1.9311673617353822,-1.9938879285813114
P07,P07-raw.fif,2684,2684.0,2686.0,clip_01,9.857628138120637e-12,1.1515608694084479e-10,7.2268060724994315e-12,3.6512133917083966e-12,2.0456820037356804,-1.7787383294981713
P07,P07-raw.fif,2685,2685.0,2687.0,clip_01,3.3235307664301727e-12,5.060489447466266e-11,6.536056178591491e-12,3.2038110063882367e-12,2.412169220246059,-0.9942033274653964
P07,P07-raw.fif,2686,2686.0,2688.0,clip_01,6.032576675872195e-12,2.5935181188257157e-11,4.945158432882712e-12,2.4893196035083617e-12,2.828567760417273,-0.7356192960666653
P07,P07-raw.fif,2740,2740.0,2742.0,clip_13,7.790302152609976e-12,7.089716715569168e-11,7.588095391821619e-12,3.0138921651884754e-12,2.727837675550812,-1.236440314895562
P07,P07-raw.fif,2741,2741.0,2743.0,clip_13,1.7463201043755887e-11,3.389779573522167e-11,4.40062358759299e-12,3.0023457631197655e-12,2.996986466982313,-1.3617339471074155
P07,P07-raw.fif,2742,2742.0,2744.0,clip_13,1.9727101940632592e-11,1.1282995291766334e-11,4.29920993012306e-12,2.548710917351261e-12,3.2221896425944228,-0.8517283598665562
P07,P07-raw.fif,2743,2743.0,2745.0,clip_13,1.3424749153085e-11,8.294541339152858e-12,3.75807022478706e-12,2.6790842769962065e-12,3.3529830597985106,-0.6169023926938123
P07,P07-raw.fif,2744,2744.0,2746.0,clip_13,7.398271126584309e-12,4.081197756459155e-12,3.9038929341365135e-12,2.8895084199158484e-12,3.5276595177376002,0.09918006116178311
P07,P07-raw.fif,2745,2745.0,2747.0,clip_13,4.332340908418104e-12,1.993749285746521e-12,3.77163085323464e-12,2.8411922948840366e-12,3.919091099054757,0.6941349141350273
P07,P07-raw.fif,2746,2746.0,2748.0,clip_13,4.276519367877054e-12,3.55440649676524e-12,4.9935562412638255e-12,3.2725887682838476e-12,3.999648816537216,0.7653950661316634
P07,P07-raw.fif,2793,2793.0,2795.0,clip_14,1.5388297701268877e-11,8.553292780698814e-11,1.9758948253083313e-11,4.107170751388721e-12,3.1799213427701463,-0.4859582567313964
P07,P07-raw.fif,2794,2794.0,2796.0,clip_14,1.8429991107407634e-11,7.151387837884346e-12,6.1746110366076065e-12,4.5606380449873945e-12,3.4986040017200004,-0.26413686227364835
P07,P07-raw.fif,2795,2795.0,2797.0,clip_14,1.623871403101592e-11,3.717400483423502e-12,7.77152443535599e-12,4.622986800074589e-12,3.5710064878566654,0.242793705422808
P07,P07-raw.fif,2796,2796.0,2798.0,clip_14,9.727730758303619e-12,6.425639521796538e-12,8.698743542628016e-12,4.194431372887635e-12,3.7153158040585215,0.5862786936584828
P07,P07-raw.fif,2797,2797.0,2799.0,clip_14,2.8398764373624862e-12,2.6800889764664205e-11,6.2326779907138246e-12,2.7536697416939472e-12,3.099355668131848,-0.4103035599174842
P07,P07-raw.fif,2798,2798.0,2800.0,clip_14,4.777469892013823e-12,8.965453574178207e-11,5.455123746458463e-12,3.3506972212559837e-12,1.9962615231039915,-1.7794785438723626
P07,P07-raw.fif,2799,2799.0,2801.0,clip_14,4.438294868726209e-12,4.729993930474803e-11,5.909705321322381e-12,2.6759143151681928e-12,2.73277165237232,-1.057022422225655
P07,P07-raw.fif,2800,2800.0,2802.0,clip_14,6.980722245755439e-12,1.3157453298773665e-10,8.206914810877352e-12,2.177991018933073e-12,2.0705320981689663,-1.752950242534865
P07,P07-raw.fif,2801,2801.0,2803.0,clip_14,6.269587752609968e-12,1.2542414601250273e-10,9.273470152425249e-12,2.5414279293205215e-12,2.041079491320852,-1.569644621922482
P07,P07-raw.fif,2802,2802.0,2804.0,clip_14,3.80049890308081e-12,2.0982177293039422e-11,4.493631551647322e-12,1.8023290079197207e-12,2.842960756694852,-0.5672938836552427
P07,P07-raw.fif,2803,2803.0,2805.0,clip_14,5.657280184452937e-12,9.979908793011823e-12,3.355215937292095e-12,1.7900533975670532e-12,3.419914549499056,-0.38888740517082154
P07,P07-raw.fif,2859,2859.0,2861.0,clip_03,3.484779612916283e-12,4.641427760778383e-11,8.090628902521932e-12,3.7036811411071174e-12,3.0869919108222756,-0.685786516851585
P07,P07-raw.fif,2860,2860.0,2862.0,clip_03,6.429397777394365e-12,1.3698843748527627e-10,1.0032598290756802e-11,2.898418432168764e-12,1.970250431893756,-1.5766403422623636
P07,P07-raw.fif,2861,2861.0,2863.0,clip_03,7.125609048869445e-12,4.6242537846790736e-11,6.40408860796729e-12,2.0486717416226377e-12,2.756224346341922,-1.0047517323540767
P07,P07-raw.fif,2862,2862.0,2864.0,clip_03,1.3164297632332012e-11,9.078822921345352e-12,4.102358580376733e-12,1.8609087547334636e-12,3.2140259054278175,-0.5492643868762271
P07,P07-raw.fif,2863,2863.0,2865.0,clip_03,6.103694322457126e-12,3.7272841217831614e-12,4.075644858211689e-12,1.8145086390676393e-12,3.755193749221253,0.3090913653792011
P07,P07-raw.fif,2864,2864.0,2866.0,clip_03,5.298764768021183e-12,5.456858233238146e-12,3.573805104028034e-12,1.5588525296844171e-12,3.5517998576199865,0.074581245032435
P07,P07-raw.fif,2865,2865.0,2867.0,clip_03,7.233409950009258e-12,4.39602087716586e-12,2.9805217194473887e-12,1.4496891709929588e-12,3.5459527046468757,-0.20057507108853095
P07,P07-raw.fif,2952,2952.0,2954.0,clip_13,5.4120735955904145e-12,3.0076982499619727e-12,3.6796050159129454e-12,2.8305789755962083e-12,3.8731732667203476,0.36497423703849896
P07,P07-raw.fif,2953,2953.0,2955.0,clip_13,3.833752612701634e-12,6.641334785438565e-11,7.91714291380152e-12,3.884282140866545e-12,2.626425199526144,-1.0712098752314645
P07,P07-raw.fif,2954,2954.0,2956.0,clip_13,6.464957990581756e-12,4.894029681282561e-11,5.6147298038787886e-12,3.873974576175233e-12,2.662173420487297,-1.1838530969948766
P07,P07-raw.fif,2955,2955.0,2957.0,clip_13,4.715532300625136e-12,3.05020028784647e-11,5.09786708238543e-12,3.028654720096556e-12,2.8583997698898216,-0.8059898852512434
P07,P07-raw.fif,2956,2956.0,2958.0,clip_13,3.1385575785679823e-12,3.888315126366255e-12,4.450825021273644e-12,2.955472916813401e-12,4.02997101563093,0.7582736992336226
P07,P07-raw.fif,2957,2957.0,2959.0,clip_13,3.2843576773586068e-12,2.058076554395164e-12,5.366126170156454e-12,3.1133292567161322e-12,4.010080498027872,1.2468998373904947
P07,P07-raw.fif,2958,2958.0,2960.0,clip_13,3.3145716765028334e-11,2.9783626269727972e-12,6.621598865448319e-12,4.53891404999778e-12,2.937265505633663,-0.5557840704830308
P07,P07-raw.fif,3006,3006.0,3008.0,clip_12,7.588440395459809e-12,2.0729280418890544e-11,5.744670980547014e-12,2.760192132199817e-12,3.3488138013976374,-0.4483173899893612
P07,P07-raw.fif,3007,3007.0,3009.0,clip_12,3.6875617462194254e-12,2.4612216876747155e-11,4.930225666400706e-12,2.6325857475991218e-12,2.975313876901699,-0.6096685235717129
P07,P07-raw.fif,3008,3008.0,3010.0,clip_12,4.160709304456675e-12,3.9134437362105345e-11,5.101644140225581e-12,2.4785956404797637e-12,2.795159859852777,-1.024039419798904
P07,P07-raw.fif,3009,3009.0,3011.0,clip_12,3.1421001388581863e-12,2.2142501645728955e-11,7.854842521431642e-12,2.32722658899608e-12,3.156026805080066,0.003294504193298463
P07,P07-raw.fif,3010,3010.0,3012.0,clip_12,4.300621702264395e-12,7.313564734536426e-11,6.380880136237768e-12,1.7931526438438058e-12,2.0547961442531575,-1.4030815579481484
P07,P07-raw.fif,3011,3011.0,3013.0,clip_12,5.5735116862369355e-12,3.0040048539194066e-11,3.865673060928203e-12,1.7840799241155096e-12,2.8598541043294037,-1.1110585920354934
P07,P07-raw.fif,3054,3054.0,3056.0,clip_24,7.341909809656928e-12,1.3805590900705575e-11,6.108112500726246e-12,2.0827534003888905e-12,3.33995461977609,-0.07389610266970946
P07,P07-raw.fif,3055,3055.0,3057.0,clip_24,8.507735682887428e-12,4.124262308989692e-12,4.379131562748361e-12,2.007529608860468e-12,3.4735161503061933,0.11953063190480301
P07,P07-raw.fif,3056,3056.0,3058.0,clip_24,1.6320058069400782e-11,9.247180930691463e-11,6.7581006890833865e-12,2.2381560594501115e-12,2.6137208207663423,-1.7025088972476063
P07,P07-raw.fif,3057,3057.0,3059.0,clip_24,6.044966590100523e-12,2.65546048864732e-11,6.348683177849143e-12,2.7339822074158346e-12,3.363952655072445,-0.49159392175076394
P07,P07-raw.fif,3058,3058.0,3060.0,clip_24,3.4887054643402246e-12,1.877685192943026e-11,5.108728733156258e-12,2.268055659928095e-12,3.366433843633725,-0.3178360166137006
P07,P07-raw.fif,3105,3105.0,3107.0,clip_03,2.8862213184355186e-12,1.0527660099256461e-11,5.0948411501334176e-12,2.059186091723346e-12,3.725677545694766,0.21630807113179393
P07,P07-raw.fif,3106,3106.0,3108.0,clip_03,1.556887150530138e-11,1.7522138704421148e-10,6.338776441196071e-12,2.1416389211154725e-12,2.3671405055790253,-2.3656938504633134
P07,P07-raw.fif,3107,3107.0,3109.0,clip_03,3.167944145537282e-11,4.3254502637348724e-11,8.967524184730506e-12,1.574172344826441e-12,3.0030678494227714,-1.0076341613203699
P07,P07-raw.fif,3108,3108.0,3110.0,clip_03,1.6785006499310704e-11,1.2224762075388319e-11,3.1342328986398446e-12,1.2193407731430728e-12,3.0243604741685264,-1.1159943790665936
P07,P07-raw.fif,3109,3109.0,3111.0,clip_03,5.696322238334674e-12,2.0345628713387365e-12,4.346815240135972e-12,2.1079087063065596e-12,3.6984440607238467,0.6320282872808367
P07,P07-raw.fif,3110,3110.0,3112.0,clip_03,1.4629865377864487e-11,4.604684620095126e-12,1.0385509822772407e-11,7.031690449108635e-12,3.664120254570452,0.5890907662547232
P07,P07-raw.fif,3111,3111.0,3113.0,clip_03,2.5887533105440433e-11,2.69114958630034e-12,1.7236156235327935e-11,1.6837288250416085e-11,3.8062877651143503,0.706346501894735
P07,P07-raw.fif,3160,3160.0,3162.0,clip_22,3.639512282713942e-11,3.705263030486515e-11,5.21106132346667e-12,3.006853397537226e-12,2.842362076432796,-1.5616640655980754
P07,P07-raw.fif,3161,3161.0,3163.0,clip_22,1.2358731758646693e-11,9.896112788623644e-12,3.5092581669413965e-12,3.0737608110518334e-12,3.211373423714885,-0.7153105020102618
P07,P07-raw.fif,3162,3162.0,3164.0,clip_22,1.0908919388967368e-11,1.4519592085091073e-11,5.803250151537858e-12,3.0633037325573404e-12,3.329359636427756,-0.3235189556048151
P07,P07-raw.fif,3163,3163.0,3165.0,clip_22,5.189001714506144e-12,7.2687192261251556e-12,5.21052308038751e-12,3.2685479233241723e-12,3.7878855318020435,0.318469242513935
P07,P07-raw.fif,3164,3164.0,3166.0,clip_22,6.0906628217042756e-12,2.106526932166652e-11,5.097611745721517e-12,2.58137298507214e-12,3.371202499232914,-0.5305626455182871
P07,P07-raw.fif,3165,3165.0,3167.0,clip_22,4.732610703150721e-12,6.82743142392724e-12,4.080539270428103e-12,3.168951250152305e-12,3.8342103543746733,0.13866687608834172
P07,P07-raw.fif,3166,3166.0,3168.0,clip_22,1.5935770082840655e-11,3.1639327203074195e-12,3.824382281015645e-12,2.4920850288767848e-12,3.224070032128022,-0.46215842356433817
P07,P07-raw.fif,3167,3167.0,3169.0,clip_22,1.6558160647390344e-11,6.5565647521420565e-12,3.2341202624947882e-12,2.4145714950152294e-12,3.1532818985468207,-0.8420118694163441
P07,P07-raw.fif,3168,3168.0,3170.0,clip_22,1.7137045009977412e-11,5.288750734523542e-12,4.591737005738246e-12,2.444426365312864e-12,3.2816081094464287,-0.43850237453174273
P07,P07-raw.fif,3169,3169.0,3171.0,clip_22,8.260717389589366e-12,3.693177220512583e-12,4.319396936367673e-12,2.6274290603209652e-12,3.5729055068976736,0.1634480662713497
P07,P07-raw.fif,3170,3170.0,3172.0,clip_22,5.3278396766098504e-12,3.1464808845713843e-11,9.721840670174766e-12,3.868472001329726e-12,3.4229039528905747,-0.16823409052876578
P07,P07-raw.fif,3171,3171.0,3173.0,clip_22,3.3989595718173528e-12,1.336343137145434e-10,1.0404734473420802e-11,4.736652088954245e-12,2.259838922545343,-1.4897834591522239
P07,P07-raw.fif,3172,3172.0,3174.0,clip_22,9.919059103211506e-12,2.1017347990801037e-11,9.00392120285856e-12,5.3606922514582156e-12,3.5784403079247444,-0.0658098122629589
P07,P07-raw.fif,3173,3173.0,3175.0,clip_22,2.3283942387259613e-11,2.1423265249548576e-10,2.331500930247893e-11,4.996649710591906e-12,2.890995746378755,-1.2176158484695465
P07,P07-raw.fif,3234,3234.0,3236.0,clip_14,1.539877855362967e-11,7.776282474948605e-12,3.1406904505932354e-12,1.5037764238473257e-12,3.1708228411688264,-0.8758402827722251
P07,P07-raw.fif,3235,3235.0,3237.0,clip_14,1.6971993741567365e-11,3.868525589928325e-12,2.9459578644034206e-12,1.8617660496381434e-12,3.019001371461471,-0.8311517619940245
P07,P07-raw.fif,3236,3236.0,3238.0,clip_14,1.6316598481722523e-11,3.899878093048358e-12,2.384598727760968e-12,2.2599492229316404e-12,3.117318560056145,-1.0229684455097923
P07,P07-raw.fif,3237,3237.0,3239.0,clip_14,9.150828526128266e-12,3.4253954156359912e-12,2.506889913754045e-12,1.5473261769181366e-12,3.4150678545342945,-0.4669159769848381
P07,P07-raw.fif,3238,3238.0,3240.0,clip_14,2.3896007976429365e-11,5.145467736790835e-12,3.462701679034807e-12,1.3166784177733567e-12,2.9970267449805346,-1.0115324870120124
P07,P07-raw.fif,3239,3239.0,3241.0,clip_14,1.7349083322548046e-11,3.986450032351113e-12,2.9300210102665884e-12,2.080557318192828e-12,3.0450623076157752,-0.8617776665695535
P07,P07-raw.fif,3240,3240.0,3242.0,clip_14,6.653191681000451e-12,3.797429107223656e-12,2.80265004307732e-12,1.5773337983980721e-12,3.4231564778959522,-0.15252106382905498
P07,P07-raw.fif,3241,3241.0,3243.0,clip_14,1.5994910001397966e-12,2.00909034706751e-12,3.982137645717845e-12,2.0908874415465376e-12,4.1892526503377745,1.3466001824669898
P07,P07-raw.fif,3242,3242.0,3244.0,clip_14,3.4820876264690477e-12,8.889091206972422e-12,4.281083187219548e-12,2.5712765394411586e-12,3.7554396468228206,0.11764350011166544
P07,P07-raw.fif,3243,3243.0,3245.0,clip_14,3.885947974931089e-12,1.789159861883059e-11,5.861874937293836e-12,2.1696774491205796e-12,3.4009781278242635,-0.14861481765861503
P07,P07-raw.fif,3299,3299.0,3301.0,clip_23,3.5490416327424636e-12,1.0172437315317061e-10,7.005996474545369e-12,2.605802030790671e-12,2.4697086574838005,-1.6294919639270211
P07,P07-raw.fif,3300,3300.0,3302.0,clip_23,3.737699057940198e-12,1.470307448394656e-10,8.71165549566181e-12,3.2207137336731867e-12,2.26352804896976,-1.7792226993020328
P07,P07-raw.fif,3301,3301.0,3303.0,clip_23,1.3885521189393617e-12,2.8326345240259485e-11,4.774343036140664e-12,2.5898688798828967e-12,2.8529698277691704,-0.6954265162738003
P07,P07-raw.fif,3302,3302.0,3304.0,clip_23,3.443465707814809e-12,5.300043297794429e-12,4.35248105773145e-12,2.7457289818731258e-12,3.8971252932732687,0.5029660466227582
P07,P07-raw.fif,3303,3303.0,3305.0,clip_23,1.1296605564264204e-11,5.581980794949509e-12,4.3111255227204294e-12,2.2280343580066106e-12,3.526343297793943,-0.20418464102319886
P07,P07-raw.fif,3304,3304.0,3306.0,clip_23,6.967167958692304e-12,3.2236870516938154e-12,3.909139949365156e-12,2.277820294298255e-12,3.7353242749484172,0.22678713229396885
P07,P07-raw.fif,3305,3305.0,3307.0,clip_23,4.709947792008475e-11,5.022663757356444e-12,4.759283641556832e-12,3.3208773864216287e-12,2.512352971784609,-1.294291369825321
P07,P07-raw.fif,3306,3306.0,3308.0,clip_23,3.8674254763469657e-11,8.894735675206692e-12,4.173439321482414e-12,2.03775622877737e-12,2.619801397726345,-1.336626160061408
P07,P07-raw.fif,3354,3354.0,3356.0,clip_11,3.2908702519813454e-12,4.703730341658256e-12,5.975929484647242e-12,3.77148921451282e-12,4.055903045368739,0.9337952328712352
P07,P07-raw.fif,3355,3355.0,3357.0,clip_11,1.82460262718934e-11,3.3915145709016082e-12,8.253061258760914e-12,3.5801587296718265e-12,3.3683775339241606,0.22077596735804764
P07,P07-raw.fif,3356,3356.0,3358.0,clip_11,2.2318223205673396e-12,3.2499900104449077e-12,8.035817368749457e-12,3.3593656377140002e-12,4.117886424463755,1.647535998492396
P07,P07-raw.fif,3357,3357.0,3359.0,clip_11,3.6818662771732355e-12,3.8783488204104656e-12,6.644385963124721e-12,2.7423553621963187e-12,4.069623450780978,1.105367971799383
P07,P07-raw.fif,3358,3358.0,3360.0,clip_11,4.73574054558204e-12,5.5371943858271725e-12,6.190749931518781e-12,2.947381202779694e-12,3.928018980646143,0.7054936861873485
P07,P07-raw.fif,3359,3359.0,3361.0,clip_11,5.161493011857992e-12,7.026055202711459e-12,8.94738831312416e-12,3.2064391637570663e-12,3.8538045346055756,0.9146918003265739
P07,P07-raw.fif,3360,3360.0,3362.0,clip_11,3.2101469759195036e-12,3.217041632785122e-12,5.567180457735845e-12,3.3187005896850145e-12,4.062381867775134,1.0899792178155048
P07,P07-raw.fif,3361,3361.0,3363.0,clip_11,4.004689483191757e-12,4.976422508083491e-12,5.340358237481979e-12,4.392148464730563e-12,4.04144312221706,0.6913201349139975
P07,P07-raw.fif,3362,3362.0,3364.0,clip_11,1.9688259787173452e-11,3.3360546751483533e-12,6.5502877229267314e-12,3.3494279044885896e-12,3.077579886008063,-0.08993848987414603
P07,P07-raw.fif,3363,3363.0,3365.0,clip_11,4.156166880374488e-12,3.252402458093221e-12,6.502344788470257e-12,3.706817138634054e-12,4.098065483257784,1.1039403406312365
P07,P07-raw.fif,3364,3364.0,3366.0,clip_11,1.761163107148302e-11,2.7282646888705044e-12,6.690279725644009e-12,3.697245044321205e-12,3.2901615931717134,0.06384516334474848
P07,P07-raw.fif,3365,3365.0,3367.0,clip_11,4.861745120094188e-12,2.9981621563611553e-12,5.7196800911797596e-12,3.7353207508360444e-12,3.998548790227205,0.90535665771463
P07,P07-raw.fif,3420,3420.0,3422.0,clip_04,2.8958763566548824e-12,4.641872250138602e-11,7.88452605344922e-12,3.0398116963011213e-12,2.57605796085128,-0.7006467503624983
P07,P07-raw.fif,3421,3421.0,3423.0,clip_04,5.581059462848633e-12,9.025871861638235e-11,8.49664377172539e-12,3.292839794810379e-12,2.382117354869262,-1.325568704382936
P07,P07-raw.fif,3422,3422.0,3424.0,clip_04,3.1263859017489094e-12,4.6785319663958445e-11,7.039917122643112e-12,3.4610403781269137e-12,2.7505610130134466,-0.8334768906920498
P07,P07-raw.fif,3423,3423.0,3425.0,clip_04,4.780826499925026e-12,2.2234455017506066e-11,8.10972857396869e-12,2.2417175288674883e-12,3.288781739851658,-0.03302620230918438
P07,P07-raw.fif,3424,3424.0,3426.0,clip_04,3.727983677547656e-11,1.9811215138837433e-11,5.688829947021494e-12,2.187142072736576e-12,3.036919634859495,-1.2017224045767758
P07,P07-raw.fif,3425,3425.0,3427.0,clip_04,7.895068157438206e-12,2.0309675771343713e-11,4.2559875887034235e-12,2.6139337794836837e-12,3.09764656995831,-0.7619482645930072
P07,P07-raw.fif,3426,3426.0,3428.0,clip_04,5.771653264688582e-12,2.1596864228207547e-12,3.0698668162403394e-12,2.0692543161212896e-12,3.7303336132112634,0.23630959385638473
P07,P07-raw.fif,3427,3427.0,3429.0,clip_04,6.973654332728486e-12,2.826767555741959e-12,4.15165300593677e-12,1.6668789388509716e-12,3.6801463499592364,0.3319720068288801
P07,P07-raw.fif,3428,3428.0,3430.0,clip_04,9.84618400760035e-12,4.303849977593067e-12,3.508713683956097e-12,1.6599229342084722e-12,3.1340195072838974,-0.23557526057930728
P07,P07-raw.fif,3429,3429.0,3431.0,clip_04,2.028595188305248e-11,3.69993534981204e-12,3.2138010489836157e-12,1.8414180106258996e-12,2.8908235260935817,-0.8878972413004927
P07,P07-raw.fif,3484,3484.0,3486.0,clip_01,8.614911127227582e-12,6.689874617715933e-12,4.5769634262064206e-12,2.7450965805099653e-12,3.6376976200011963,-0.037044256127253275
P07,P07-raw.fif,3485,3485.0,3487.0,clip_01,7.509172300575474e-12,3.926928746590216e-12,6.181296489037756e-12,2.8301325838169614e-12,3.836989268407468,0.5902029938706429
P07,P07-raw.fif,3486,3486.0,3488.0,clip_01,5.298944250489524e-12,2.1042246545813442e-12,4.821892293986075e-12,3.244031323531076e-12,3.833070344029794,0.7878519183950494
P07,P07-raw.fif,3487,3487.0,3489.0,clip_01,1.2982430507477566e-11,6.707534934910928e-12,5.29901237833225e-12,3.102929749785597e-12,3.1908143130082953,-0.14880421542178587
P07,P07-raw.fif,3488,3488.0,3490.0,clip_01,5.4636451352879616e-12,1.65037643111597e-11,5.4587204762682854e-12,3.252120280348043e-12,3.2870412185075573,-0.23332649562977642
P07,P07-raw.fif,3489,3489.0,3491.0,clip_01,1.0606883040875878e-11,4.457793158502889e-12,5.104604954730836e-12,3.213131053084479e-12,3.4700335184310296,0.0953398136556827
P07,P07-raw.fif,3490,3490.0,3492.0,clip_01,6.388824131537191e-12,5.86748278650939e-12,5.7122649851394065e-12,3.90442646890852e-12,3.8849537679526285,0.4331715115681131
P07,P07-raw.fif,3491,3491.0,3493.0,clip_01,1.552873075969464e-11,3.5989159305396967e-12,6.666724033887021e-12,2.676343158636371e-12,3.50908576761559,0.12522839188477364
P07,P07-raw.fif,3492,3492.0,3494.0,clip_01,2.2945535153933402e-12,4.603564666224397e-12,7.008157902123274e-12,2.8088340888335882e-12,4.026075030021861,1.2589824313157394
P07,P07-raw.fif,3493,3493.0,3495.0,clip_01,4.3423820264216624e-12,1.4667545451774324e-11,9.945243555113531e-12,3.360783116333532e-12,3.7894597424562746,0.5556341165135741
P07,P07-raw.fif,3494,3494.0,3496.0,clip_01,4.2366956016091436e-12,3.814355455552894e-12,5.4075807075800625e-12,3.391897725091604e-12,3.983914143530137,0.8204295103471364
P07,P07-raw.fif,3548,3548.0,3550.0,clip_02,4.609332986626612e-12,5.2318070066515736e-11,6.596640354353405e-12,3.954192121745316e-12,2.9696808854397805,-1.0417782108349298
P07,P07-raw.fif,3549,3549.0,3551.0,clip_02,7.06919280960153e-12,3.00342287225013e-12,6.062278388421312e-12,3.64015972211833e-12,3.824369128355198,0.7041391221565438
P07,P07-raw.fif,3550,3550.0,3552.0,clip_02,2.4155291763574178e-12,3.457794180693451e-11,7.050430151207276e-12,3.1108030058312357e-12,3.111226222313005,-0.5144856514522096
P07,P07-raw.fif,3551,3551.0,3553.0,clip_02,5.58174628447725e-12,6.950556053838336e-11,5.691750686519323e-12,3.064156676717577e-12,2.6435825030146147,-1.4915541116834177
P07,P07-raw.fif,3552,3552.0,3554.0,clip_02,1.1636265561806671e-11,3.0462870345735944e-11,5.2065399739702435e-12,2.9788467603462137e-12,3.1708356667468665,-0.9727836097959116
P07,P07-raw.fif,3553,3553.0,3555.0,clip_02,2.306284244086942e-11,4.975799691909365e-12,5.023009384869661e-12,2.9918631632302845e-12,3.2236705984386917,-0.5800858161963987
P07,P07-raw.fif,3596,3596.0,3598.0,clip_21,1.679777700944864e-11,2.0056407611101973e-11,3.8457642327351465e-11,6.61213181948061e-11,4.075764701585536,1.2873434690778334
P07,P07-raw.fif,3597,3597.0,3599.0,clip_21,9.683399293316893e-12,1.0524393403526162e-10,1.9479493680497332e-11,1.8978989124701584e-11,2.9956888693767314,-0.6387782630007088
P07,P07-raw.fif,3598,3598.0,3600.0,clip_21,5.597026168045187e-12,1.1346481708737254e-10,1.0856480382646304e-11,1.0374731323987774e-11,2.384585521076181,-1.2957625095496335
P07,P07-raw.fif,3599,3599.0,3601.0,clip_21,4.682358391906444e-12,5.23345668031483e-11,9.174913426329757e-12,8.782443464623149e-12,2.6977773945193886,-0.6938189453073527
P07,P07-raw.fif,3600,3600.0,3602.0,clip_21,2.885389716346341e-12,1.445169889068472e-11,8.350381490490012e-12,7.743919737952234e-12,3.867228701339634,0.4680205252575549
P07,P07-raw.fif,3601,3601.0,3603.0,clip_21,2.5729596988803725e-12,1.1803855499030195e-11,8.719275225265484e-12,6.237598355223504e-12,3.9542384614081216,0.7122504283217963
P07,P07-raw.fif,3602,3602.0,3604.0,clip_21,5.987916569317562e-12,8.676954490542667e-11,8.281575982801569e-12,4.827626619994688e-12,2.359686067205854,-1.3180956448177834
